id,sentence
380263,Të dashuroj.
380264,Të dua.
380268,Shumë të falemnderit!
380271,Shyqyr Zoti.
380273,"Mirëmëngjes, Mike."
380280,"Gjumë të ëmbël, Timi."
380437,Faleminderit!
380581,Gëzuar ditëlindjen Muriel!
382091,Të gjithë njerëzit lindin të lirë dhe të barabartë në dinjitet dhe në të drejta. Ata kanë arsye dhe ndërgjegje dhe duhet të sillen ndaj njëri tjetrit me frymë vëllazërimi.
382148,"""Faleminderit."" ""S'ka gjë."""
399030,"Mirëmëngjes, të gjithë."
719060,Ide jeshile pa ngjyrë flenë shpejt.
737324,Rroftë Bashkimi Sovjetik!
778566,Ditën e mirë!
778571,Mirëdita.
791835,Vrasin dy zogj me një gur.
871308,A flisni anglisht?
879931,Ka shume para.
944604,Ndjeva keq.
944754,"Më falni, çfarë është ora?"
1119378,Mirë se vini.
1119381,Gëzohem që u njohëm.
1119425,"Gjithashtu, më vjen mirë që u takuam."
1183490,Kam goxha prej tyre.
1183492,Une dua shumë më tepër.
1183494,Yangzi iu shmang pyetjes që i bëra unë.
1183496,"Nuk mund të shoh asgjë, pa syzet e mia."
1183499,Jemi kënaqur vërtet.
1183507,Unë dhe kjo kompani kemi nënshkruar një kontratë trevjeçare.
1183515,"Kur Mikeli është në shtëpi, ai merret me pastrimin e dritareve."
1183520,Dua të shoh këtë film.
1183527,Ajo ka perdorur mollët për të bërë reçelin.
1183550,"En, a ka fëmijë ai?"
1183563,Ajo nuk ka më shumë se dymbëdhjetë këlyshër.
1183585,Shkojmë të bëjmë një shëtitje në park.
1183586,Mos harro të fikësh zjarrin!
1183589,"Kur Di Ma provoi për të 966-tën herë, kishte tashmë filluar të humbiste shpresat."
1183607,Keni është i mirë në not.
1183613,Ai ka avancuar shumë në Anglisht.
1183647,Ajo nuk ka kthyer përgjigje.
1435103,Unë jam vegjetarian.
1443644,Unë jam shumë i lumtur në Gjeorgji.
1456326,Nënë Tereza u lind në Jugosllavi në vitin 1910.
1518341,Ne kemi një tavolinë katrore.
1518776,Franca është në Evropën Perëndimore.
1519709,ajo nuk vjen ne ekskurzion sepse nuk e lejojne prinderit
1529053,Gëzuar Pashkët!
1533141,Krishti u ngjall!
1709444,Babai im na do
1709503,"kjo eshte motra ime, Aynur"
1709509,E dua shtëpinë time
1709771,babai im mungon mua dhe nënën time
1723049,Me mire te jesh i urryer per ate qe je se sa i dashur per ate qe nuk je.
1723052,Me mire vone se kurr.
1723059,"Nuk kam para, por kam ëndërra."
1723069,"Pershendetje, emri im është Pekka. Si është emri juaj?"
1723098,Shkruaje emrin tend me shkronja kapitale.
1723252,Ju flisini i pari; Une do te flas pastaj.
1723257,"Ne donim te flisnim me presidentin e kompanise, por ai refuzoi te fliste me ne."
1723340,"Ju nuk mund te gjeni fjalite qe keni shtuar tani sepse ato nuk jane indeksuar akoma. Indeksimi i fjalive nuk eshte akoma i egekutueshem , kjo behet cdo jave."
1723356,Nuk shoh analogji midis problemit tend dhe te timit.
1723362,Do ta gjesh dyqanin midis nje banke dhe nje shkolle.
1723370,Shum njerez pelqejne te shohin ne pikture cfare ata do pelqenin te shihnin ne realitet .
1723375,Une e humba filmin pa e pare. E keni pare u ?
1723386,"Eshte se ju nuk doni ta bene ate , jo sepse ju nuk jeni i lejuar ta bene ate."
1723397,"I varfer nuk eshte ai qe ka shum pak , por ai i cili kerkon shum."
1723437,"Kur nuk mund te beni cfare doni,ju beni cfare mundeni."
1723475,Faleminderit qe me keni shpjeguar me ne fund pse njerzit me marrin mua per nje idiot.
1723477,Me jep mua lirine ose me jep vdekjen.
1723485,"Nje qen vrapon pas nje mace, dhe nje mace pas nje mini."
1723488,Vazhdoni te beni te njejtin gabim here pas here.
1723492,Do ta shoh ate pasi te kthehem.
1723497,"Sipas shkencatarve, atmosfera ngrohet vit pas viti."
1723504,Mund te me telefononi perseri me vone ju lutem?
1723508,Ke bere shum gabime te njejta.
1723516,Vullkani eshte bere aktiv perseri.
1723521,Nje dite endrra jote do behet realitet.
1723522,"Mund te tingelloj cuditshem , por eshte e vertete."
1723525,"Nje per gjith, gjith per nje."
1723528,Eshte errsire jashte.
1727569,"Vetem nje moment ne jeten time ishte i mjaftueshe per te njohur dhe dashur juve, por gjith jeta ime nuk do te jete e mjaftueshme per te te harruar ."
1727574,Duaj shoket e klases! Duaj prinderit e tu! Duaj vendin tend!
1727575,Une dua te te puthe.
1727577,Puthja juaj eshte me e embel se mjalta.
1727578,Me puth.
1727590,"Ne qofte se nuk do kishte uje, ne nuk mund te jetojme."
1727593,"Nqs do kisha me shum kohe, une do te shkruaja ju."
1727597,Ky dimire kishte me pak debore sec kishim pritur.
1727600,Ata e kishin kete problem me perpara.
1727606,Ne moshen 6 vjece ai kishte mesuar to perdorte makinen e shkrimit dhe i tregoi mesuesit qe nuk kishte nevoje te mesonte te shkruante me duar.
1727613,"Une isha duket te shkruajtur, por isha shum i zene."
1728235,A keni nevoje te jap para?
1728236,Këpucet e mija jane shum te vogla. Kam nevojë për nje parë të reja.
1728238,Ai eshte i pasur. Ai nuk ka nevoje per para!
1728240,Sa ore gjume keni nevoje?
1728243,Ju dueht te studioni shum.
1728244,Shtëpia juaj ka nevojë për riparim.
1728248,Njerzit shpesh jane shum skeptik ndaj gjerave derisa kane prova te besueshme.
1728251,Shpesh mendoj për vendin ku të kam takuar ty.
1728254,Asaj i shkruaja shpesh kur isha student.
1728262,Ne duhet te dime. Ne do te dime.
1728264,Une e di qe nuk e di.
1728266,"Ai qe nuk di si te mbaj qetesi , nuk di si te flase gjithashtu."
1728268,"Duket sikur ju me njihni mua, por une nuk ju njoh ju."
1728273,"Ikeda është mbiemri im, dhe Kazuko është emri."
1797624,Nuk ka zot tjetër përveç Allahut dhe se Muhammedi është i Dërguari i Allahut.
1808865,"Më par emigrantët, pastaj ti. Solidariteti është përgjigja jonë për kanibalizëm sociale."
1934378,Ajo cfare ju thate eshte shum e ndryshme nga ajo qe degjova nga ai.
1934390,Disa nga studentat ishin nga Azia dhe te tjeret ishin nga Europa.
1934579,"Nqs do te vini ndonjehere ne qytet, ejani te me vizitoni."
1934590,Menyra me e mire te realizoni enderrat tuaja eshte te zgjoheni.
1962553,Tani egziston vetëm nje mundësi.
1962566,Unë e urrej botën sepse bota më urren mua.
1962576,Zakonisht macet urrejnë qentë.
1962581,Unë te dua me shumë seç më do ti mua.
1962584,Të dëgjoj me vështirsi.
1962588,Suksesi jot është rezultat i punës tënde të vështirë.
1962590,Ishte e vështirë për mua te gjeja apartamentin tënd.
1962608,Përformanca e kompjutërit tuaj ndoshta është shumë e dobët.
1962612,Ju do te futeni në telashe nqs shpenzoni kohë me të.
1962620,Unë mendova nqs nuk do të shkoj me të nuk do ta dij asnjëherë nqs ai është apo jo i rrezikshëm.
1962629,Për herë të fundit ata i kam parë në Shqipëri.
1962632,Unë pa ty si nje trup pa shpirtë.
1962643,Ai erdhi herët në shtëpi në mënyrë që te shihte fëmijët përpara se ata të shkonin në krevat.
1962649,"Ti e ke parë shtëpinë e tyre të re, apo jo ? Si është ajo ?"
1962653,"Fatkeqësisht, asnjëherë se pata mundësinë ta takoja atë."
1962666,"Bën mirë të respektosh rregullat këtu, zonjushë."
1962675,Të gjith ikën.
1962695,E kam bërë jetën tënde shumë më të lehtë.
1962702,Dy minuta për nxehje.
1962708,Doja ta qartësoja këtë me ju.
1962717,Pa marrë parasyshë pasojat.
1962728,Vetëm po kërkoj të dijë cfarë bën ti për tu argëtuar ?
1962737,Ishte një vejushë lufte.
1962746,Një paraqitje e shkurtëer e përjetsisë.
1962754,"Por kur gjithçka është thënë dhe bërë, ata kanë një gjë të përbashkët."
1962757,Ti duhet të ndalosh pijen dhe cigaren.
1962759,Çfarë metode ke përdorur per të ndalur duhanin?
1962762,Doktori këshilloi babanë tim të ndalte duhanin.
1962765,"Nuk e pëlqej shumë atë , në fakt unë e urrej atë."
1962767,"Nuk e kam takuar atë si person , por unë di për të."
1962796,Nuk mund te ndalojmë ketu.
1962837,Nuk është e lehtë për të zgjidhur problemin.
1962838,Ma kalo mua kripen.
1962839,Akoma besoj në dashuri.
1978816,Unë kam një llogari Facebook-u.
1978817,"Ivy Bean, perodoruesi me i vjeter i Facebook dhe Twitter , vdekur 104 vjec."
1978818,Twitter eshte me i mire dhe me shum i sigurtë se Facebook.
1978819,Një intelektual është një person i cili ka zbuluar dicka me interesante se seksin.
1978820,"Egzistojn energji te reja per tu shfryteyuar, vende te reja pune te krijuara, shkolla te reja per te ndërtuar, dhe kërcenime për te takuar, aleanca për tu riparuar."
1978821,Kam nevojë për një kompjutër të ri.
1978822,Ideja jote nuk mund te jetë krej e re. Unë kisha dëgjuar përrreth sajë nga një burim tjetër vitin e kaluar.
1978824,"Gjëja më e vështirë të bësh është të shohësh atë që ti do,që do dikë tjetër."
1978826,"Miqt e mirë janë si yjet. Jo gjithmonë i sheh ata, por ti e di ata janë gjithmonë atje."
1978829,"Gjithçka është OK në fund. Nëqoftë se nuk është OK , ath ky nuk është fundi."
1978835,Librat janë mbi bankë.
1978837,Do të jetë një provim i vështirë ?
1978851,"Si thuhet ""të lutem"" në italisht?"
1978856,Duhet të shkosh ne komisariat.
1978858,Mund të ma shpjegosh të lutem.
1978860,Ëeshtë një mjergull që mund ta presësh me thikë.
1996085,"Keni mënduar ndonjëherë për lidhjen midis frymarrjes, mendjes, dhe trupit ?"
1996087,Yotube është një vend i mirë për te gjetur muzikë me lyrics ne vidio.
1996091,Është mjaftueshëm hekur në trupin tënd për të marrë një gozhdë.
1996097,"Eja në Shqipëri, ne gjithmonë bëjme kafe të mira atje."
1996102,Ai do të bëhet një doktor i mirë.
1996123,"Nqs do te kishe ngritur telefonin, do te kisha ftuar ne shtëpinë e Paulos."
1996128,Ai është duke kërkuar për një punë në programim kompjuteri.
1996133,"Është shum shpejt për të folur për martesë, ne akoma jemi duke njohur njëri -tjetrin."
1996135,Policia kërkoi për kompjuterat e vjedhur por ata nuk u gjetën asnjëherë.
1996149,"Bëj kujdes me mënyren që ju përdorni fjalën ""larg"" kur përshkruani distanca. Ju mund ta përdorni në pyetje ose në fjalitë negative."
1996301,Ti nuk do të keshë arsye që mos të hipësh mbi të.
1996363,"Më jep mua një minut jam i mirë. Nqs kam një orë, jam i shkëlqyer. Ti me jep gjashtë muaj, jam i pathyeshëm."
2036732,Gëzuar Ditën e Nënës!
2067252,A ju kujtohet kjo lojë?
2075788,Unë të dua.
2148438,A keni fëmijë?
2148674,Jam nëntëmbëdhjetë vjeç.
2149769,Unë jam Gregor.
2156624,Çfarë bëni ju në kohën e lirë?
2177268,Ajo e këndon në mënyrë të mahnitshme.
2177271,"Ne shkuam në stadium, ku shijuam lojën emocionuese."
2204945,"Mos shkruani asnjëherë fjalët ""borsh"" dhe ""supë me lakra"" në gjermanisht!"
2204947,"Mos shkruani asnjëherë fjalët ""supë me panxhar"" dhe ""supë me lakra"" në gjermanisht!"
2365555,Shtëpia ime është në rrethinat e qytetit.
2365556,Nuk kam qejf të vrapoj deri tek stacioni.
2365557,Kemi filluar të riciklojmë gazetat.
2365558,Kush ju mëson?
2365560,"Ndryshon forma, por në parim ngelesh vetëm."
2365561,A do të ta rregulloj këtë orën?
2365562,Kam një biçikletë të vjetër.
2365563,Do ta mbaroj në dy ose tre minuta.
2365565,Z(oti). Brown është babai i saj.
2365567,Z. Brown është babai i saj.
2365569,Ata e vazhduan eksperimentin ditë e natë.
2365571,Nuk duhet të thuash gjëra të tilla në mes të njerëzve.
2365575,Ajo u fsheh pas derës dhe mbajti frymën.
2365576,Ndërtesa e re më zuri pamjen e dritares.
2365580,"Mirë, koha mbaroi. / Mirë, boll me kaq. Le të mbarojmë mësimin tani."
2365581,Çfarë do të bësh nesër?
2365583,I thashë Tomit vetëm të paguajë faturën.
2365585,"Xhazi nuk ka vdekur, thjesht duket qesharak."
2365586,Ku janë paratë e mia?
2365587,Ajo s'ka aq durim sa ti.
2365589,Mos u shqetëso. E kam qepur gojën.
2365590,Ajo iku në Amerikë.
2365591,"Nuk më bëri dyshues ajo çfarë tha ai, por mënyra se si e tha."
2365592,Ajo meriton më shumë.
2365593,Qeni yt ka putra të stërmëdhaja.
2365594,"Tomi shkon në shkollë me biçikletë, si shumë nxënës të tjerë."
2365595,Tomi është i vëmendshëm.
2365596,A shkon te muzeu ky autobusi?
2419859,Bukuria e njeriut është sjellja në shoqeri.
2419865,Unë jam i lodhur.
2420299,Sot është e diel.
2420301,Sot është pushim.
2420303,Çfarë jeni duke bërë?
2420305,Ata nuk po vijnë.
2420307,Cili ushqim ju pëlqen më shumë?
2420310,Jeta është e vetmja rrugë që nuk udhëtohet dy herë.
2421449,Natyra në Shqipëri është shumë e pasur.
2421452,Çfarë prisni për vitin e ri?
2421455,Psherëtima e parë e dashurisë është e fundit e urtësisë.
2424245,Unë e dua gjuhën shqipe.
2424246,Tungjatjeta. Unë quhem José Silva. Si të quajnë?
2424247,Si të quajnë?
2424248,Si ju quajnë?
2439102,Unë nuk dua të punoj në këto kushte.
2561183,Tom përbërë një sonet.
2634787,Unë nuk jam mjek.
2760525,Unë jam mësues.
2760526,Macja është nën tryezë.
2760527,Një biskotë është nën tryezë.
2760530,"""Ku është libri i tij?"" ""Ai është mbi tryezë."""
2788640,Luani është mbreti i xhunglës.
2864470,Një gjuhë asnjëherë nuk është mjaft.
2922623,Tirana është kryeqyteti i Shqipërise.
2936935,Tirana është në Shqipëri.
2941282,Jam i kënaqur që nuk jam grua.
2941283,Je zgjuar shumë herët sot. A ke diçka?
2941338,Të shkokan ata syze.
2941340,Duket se m'u ngul në grykë një kockë peshku.
2941343,Stilolapsi është gjuha e shpirtit.
2941345,Askush nuk mund të shqetësojë një miqësi të vërtetë.
2941346,Nuk do të dorëzohem sepse kam diçka për të cilën ia vlen të luftoj.
2941348,"Nuk mund të besoj se kjo po ndodh. Të lutem, më thuaj se është një gënjeshtër!"
2941350,U takova me një plake.
2941352,Në asnjë rast nuk duhet ta prekësh atë çelës.
2941353,Por miqtë e tij u bashkuan për ta ndihmuar.
2941355,Ti gjithmonë ishe një djalë shumë i lumtur.
2941357,Mendova se Tomi ishte i ndryshëm.
2941358,Jam shumë i kënaqur të njihem me ju.
2941359,U zgjodhën gjashtëdhjetë deputete.
2941361,Ajo kishte shumë nevojë për paratë.
2941363,Oqeani Paqësor është një nga pesë oqeanet.
2941365,Nuk më vjen turpi për asgjë.
2941367,Tomi duket i shqetësuar.
2941368,Dua që të më duash.
2941369,Ajo u mundua shumë të hiqte dyshimet nga mendja.
2941372,"Nuk llogaritet ajo që thua, por ajo që bën."
2941374,Dua një kollar që i shkon këtij kostumi.
2941376,"Pra, duhet të jesh një besimtar."
2941377,Në çfarë ore vjen treni?
2941379,Tomi sugjeroi që të bënim një mbrëmje lamtumirë për Merin.
2942656,Vazhdo drejtë!
2942657,S'kam fjetur.
2942663,Do të vij.
2942664,Nuk do të të them përsëri.
2942665,Nuk duhet të dalësh pas darkës.
2942670,"Për mendimin tim, biznesi po përmirësohet."
2942675,Duhet të më kishe besuar.
2942677,Më duhet të vajtem në punë herët sot.
2942678,"Po të jetë i zënë, ndihmoje atë."
2942680,Xhorxhi është kapiteni i ekipit tonë.
2942681,Ata të dy po punojnë tek dyqani i kafshëve shtëpiake.
2942682,Thuhet se ai ka qenë një burrë me pozicion të respektueshëm.
2942688,"Cila është më e madhe, Japonia apo Britania?"
2942695,Shpresoj ti arrijme deri ne fund keti misteri sebashku.
2942699,"Nuk e dija atehere, por e di tani."
2942709,E vlerësoj përkushtimin tënd.
2942716,Je duke u tallur me mua ?
2942779,Shpresoj ti arrijmë deri në fund këti misteri sëbashku.
2942788,Ajo do të jetë lëvizja më e zgjuar që ke bërë ndonjëherë.
2942797,Balena e madhe blu është gjallesa më e madhe që jeton.
2942813,"Një krim i caktuar është i dënueshm nëse je përjekur, por jo e dënueshme nëse kryer. Çfarë është kjo?"
2942821,Ju përdorni një thikë për të më prerë kryet dhe pastaj qani pasi unë kam vdekur. Kush jam unë?
2947354,"Duke e konsideruar bashkëpunimin rajonal dhe marrëdhëniet e fqinjësisë së mirë, si shtylla që garantojnë paqen."
2947355,Mbaje ne mend qe ju mund te vdisni.
2947356,"Duke u mbajtur ne menyre te vendosur ne litare, erdha i sigurte ne toke."
2979519,Ia gatoi darken.
3081401,Kam dy mace.
3100292,Fëmija im ka lindur sot.
3100296,Unë pashë atë me sytë e mi.
3100344,Ajo është mësuesja ime.
3100437,Njeriu është i ri.
3100440,Unë lexova një libër.
3100441,Unë lexova librin e tij.
3100443,Vajza është e bukur.
3100444,Unë shoh se vajza është e bukur.
3100449,Njeriu është i fortë.
3100451,Unë jam në shtëpi.
3100464,Unë nuk jam këtu.
3100466,Djali i asaj gruas është i sëmurë.
3100493,Unë jam këtu.
3100504,Kjo është gruaja ime.
3100514,Melanie tha se ajo e pëlqen të notoj.
3100542,Ajo është e martuar me një të huaj.
3100546,Vajza po nuhat lulet.
3100547,"Ti nuk je spiun, apo jo?"
3100579,"Jo, nuk jam mësues. Jam vetëm nxënës."
3100582,Nuk jam një fangirl.
3100584,Nuk jam një notar i shkëlqyer.
3100585,Nuk jam mësues.
3100588,Nuk jam një njeri i mirë.
3100589,Nuk jam një njeri i keq.
3100591,Nuk jam diktator.
3100639,Nuk jam një anëtar.
3100643,Nuk jam një foshnjë.
3100653,Kafshët vrapojnë.
3100680,Jam nga Rusia.
3100697,Kam një vëlla.
3100702,Ajo ka njëzet fëmijë.
3100756,Dua të ju them diçka.
3102197,Ti nuk mund të vras veten duke mbajtur frymën.
3102220,Unë do të vij në orën pesë.
3102788,Unë nuk kam forcën tuaj.
3179990,Unë do të të ndihmoj.
3180083,Më ler të të ndihmoj.
3307660,"Esperanto, gjuhë zyrtare e Bashkimit Evropian, tani!"
3344403,Unë jam Tom.
3410301,Shqiponja është e bardhë.
3476553,A keni parë ndonjëherë atë duke notuar?
3476557,Nuk kam frikë vetëtimën.
3517711,Ai është më mirë se unë.
3517713,Ajo ka një karakter i fortë.
3517731,Pema e madhe nuk është e gjelbër.
3517736,Unë po shikoj në televizor.
3517739,Athina është në Greqi.
3517835,Kjo frikë është e kuptueshme.
3517836,Kjo ishte ideja ime.
3518797,Bora zgjati katër ditë.
3518801,Ai kishte një mace të bardhë.
3518945,Thika ime është e mprehtë.
3518947,Unë isha mësues.
3518948,Gota ime është e plotë.
3518950,Unë dua të jem një fotograf i natyrës.
3518951,Emily nuk është studente.
3518952,Unë jam anglez.
3518954,Unë nuk jam francez.
3518959,Ti nuk e di të vërtetën.
3518962,Ju nuk e dini të vërtetën.
3518965,Unë kam një llogari në Twitter.
3518967,Vëllai im ka një llogari në Twitter.
3518972,Millie ka sy të kaltër.
3518973,"Unë të dua, Millie!"
3518974,Pua po këndon në kishë.
3518977,Millie po shkon në shkollë.
3518980,Sot nuk është aq e ftohtë.
3518981,Ai jeton në Angli.
3518982,Millie po ha bukë.
3518983,Millie ka një libër.
3518986,Ajo ka lule të kuqe.
3518991,Ti nuk ke sy të kafe.
3518993,Millie po ha një banane.
3519145,A ti do të di sekretin tim? Ai është shumë i thjeshtë...
3519494,Ajo kishte nevojë për dikë që do të kuptojnë atë.
3519512,Kjo është arsyeja pse unë të pëlqej ty.
3519531,Ky libër është i shkruar në shqip.
3519609,A janë ato vathët e mia?
3520620,Unë kisha një ide e mirë.
3520622,Ky libër nuk është i shkruar në anglisht.
3520623,Nuk bëj asgjë.
3520624,Mëlçia nuk po funksionon më.
3520625,A mund të ngasësh një makinë?
3520717,Unë mendoj që unë të po bie në gjumë.
3520719,Qeni im ka një pasaportë daneze.
3521458,Ne po mësojmë gjuhën kineze.
3521470,Ky telefon nuk po funksionon siç duhet.
3633419,Nuk dua të shkoj në shkollë.
3678004,Ishujt janë në det.
3805469,Gratë ndryshojnë botën.
3878512,Unë nuk flas shqip.
3892094,Burj Khalifa është aktualisht qiell gërvishtësja më e lartë në botë.
3935528,Greqia është shtet i vjeter.
3985108,A e doni nënën tuaj?
4395310,Qyteti ku unë jetoj është shumë i vogël.
4395348,Vet-koncepti i një fëmije është se si fëmija i sheh karakteristikat perrreth tij apo sajë.
4395352,Puna që jam duke bërë në këtë moment është shumë interesante.
4466320,Natën e mirë!
4543751,Numri im i telefonit është 9876-5432.
4731174,Nuk mund të bësh këtë!
4731175,Shoqëria është e ndarë.
4731177,"Mbulohu, do të ikim."
4731178,Ata po zihen.
4731179,E vërteta qëndron në mes.
4731180,Ajo është shumë krenare për aftësitë e saj.
4731181,Mendoj se Tomi nuk qëllonte të bëntë atë.
4731182,Tomi e shkroi numrin e telefonit të Marisë.
4731183,Tomi punon aq shumë sa çdonjeri tjetër.
4731184,Tomi nuk do të jetë gati për të ikur deri në orën 2.30.
4731185,Tomi mendon se ato këpucë do të jenë shumë të mëdha.
4731186,Tomi vjodhi një unazë diamanti shumë të vlefshme.
4731187,Tomi erdhi në Boston kur ishte fëmijë.
4731188,Tomi beson gjithçka që thotë Mary.
4731189,Tomi më pyeti nëse isha i zënë apo jo.
4731190,Tomi më kërkoi ta zgjoj në orën gjashtë e gjysëm.
4731191,Tomi më shkruan të paktën një herë në javë.
4731192,"Emri i përhapur në anglisht i pitaja-s, ""fruta dragua"", e pasqyron emrin e saj popullor në shumë gjuhë aziatike."
4731193,Ka mijëra pjesëmarrës në ngjarjen e sotme.
4731194,Unë hyj në Tatoeba çdo javë.
4731195,Unë hyj në Tatoeba një herë në javë.
4731197,"Pjesa dërrmuese e kinezëve nuk janë takuar kurrë me të huajt, kështu që u ndihet çuditshëm, si një takim me jashtëtokësorët."
4731199,Thjesht thuaj atë që do të thuash.
4731200,Udhëtim të mbarë.
4731201,Ajo gjithmonë vishet shumë thjesht.
4731202,Ai gjithmonë arrin në kohë.
4731203,Ai është gjithmonë i përpiktë.
4731204,Po lexoj librin tënd.
4731205,Kur fillon ndeshja?
4731206,Ai hëngri kërpudha helmuese.
4731207,Ata pinë kafe në shtëpi.
4731208,Sistemi ekonomik islamik nuk është zbatuar në shkollat islamike me konvikt deri më sot.
4731210,Mbase do të iki nesër.
4731211,Jo gjithçka mund të shpjegohet.
4731212,Kam një copë lajmi të keq.
4731213,Nuk kam ndonjë pyetje tjetër.
4731214,Kam pasur shumë punë për të bërë kohët e fundit.
4731215,Po planifikojmë ndryshime në procesin e prodhimit.
4731216,Ai u ankua se dhoma ishte shumë e vogël.
4731217,Mos më bërtit.
4731218,Zoti është.
4731220,"Përveç kompjuterave, mund të përdoret dhe në telefona celulare."
4731222,Ai as nuk meriton që t'i shndritë dielli.
4731225,"Një republikë është një komb kreu i të cilit nuk është një mbret apo një mbretëreshë, por një president."
4731226,A mund të kthehem në shtëpi?
4731227,Hëngra drekë rreth orës njëmbëdhjetë sepse kisha uri.
4731230,Dua që të ikësh nesër në avion për në Boston.
4731231,Të tregosh gënjeshtra është një zakon shumë i keq.
4731232,Këto kamera janë prodhuar në Japoni.
4731233,Lëre gazetën dhe dëgjo atë që të them.
4731234,Të pëlqejnë kuajt?
4731236,Jo. I kam kërkuar për më shumë se një orë.
4731237,Ora ime duket se është e prishur.
4731238,Një i panjohur është në këmb përpara shtëpisë.
4731242,Lërna rehat!
4731244,"Pasi e pimë çajin, filluam një diskutim."
4731246,Ai ka një makinë japoneze.
4731247,Tomi kurrë nuk tha se donte të ikte.
4731248,Ai lexon shumë.
4731251,Sigurisht!
4731252,Patjetër!
4731253,"Shkuam bashkë në Laramie, por pastaj u ndamë."
4731256,Shumica e popullit këtej nuk ka energji elektrike.
4731259,Supozova që do ta merrja vesh herët a vonë.
4731260,Nuk kanë fjetur gjumë për dyzetetetë orë.
4731261,Djali u shtirë se ishte aq i sëmurë që nuk mund të shkonte në shkollë.
4731264,Xhimi nuk është çka ishte.
4731265,Deni doli nga stacioni i trenit në orën shtatë e gjysëm.
4731266,Mary e vizitoi bashkëshortin në burg.
4731268,Njeriu është një skllav ndaj zakonave.
4731269,Tomi kurrë nuk ka qenë i përpiktë.
4731271,Kjo lule ka një erë shumë të bukur.
4731275,Mos të bezdisemi.
4731276,Ai iku.
4731278,Ti s'ke asnjë hall në botë.
4731279,Nganjëherë nuk e kuptoj atë.
4731280,Ti din diçka.
4731281,Ky lloj pune kërkon shumë durim.
4731297,Mamaja ime është në guzhinë.
4731298,Babi im nuk kthehej kurrë para orës 9 apo 10.
4731299,Ia thashë.
4731301,Dyqani është tashmë i mbyllur.
4731302,M'u kujtua.
4731303,Mendoj se diçka e frikësoi Tomin.
4731309,Ku janë çelësat e tu?
4731312,Ku mund t'i vë këto birra?
4731313,Askush nuk do të na shohë.
4731315,A po qani ju?
4731317,Nuk mund të lësh që të ndodhë ajo.
4731319,"Atëherë, a ke vendosur?"
4731322,Shiko librin mbi tryezë.
4731324,"Tomi e bëri me qëllim, mendoj."
4731325,Jam britanez.
4731327,Shkuam në një piceri italiane.
4731330,Nuk do të doja që të plagosesh.
4731331,Nuk mund të lë që Tomi të futet në burg për diçka që nuk e bëri.
4731342,Tomi doli jashtë për të ngrënë.
4731344,Do të jem më i kujdesshëm herën tjetër.
4731349,Mbajta anën time të marrëveshjes.
4731352,Nuk mund të dalësh.
4731353,Po e konsideroj seriozisht.
4731356,Të paktën gjashtëqind burra vdiqën në aksion.
4731357,Nuk e ke shijuar Shejkspirin derisa ta kesh lexuar në origjinal.
4731358,A ke një vëlla binjak?
4731359,Ai pyeti personin e parë me të cilin u takua afër fshatit.
4731360,Muzika është e mrekullueshme për shpirtin.
4731361,Ajo është akoma një pyetje e hapur.
4731362,Thjesht nuk e kuptoj.
4731363,"Të lutem, më jep një gotë ujë."
4731364,Hëna nuk ka një dritë të vet.
4731365,Kishte lule gjithandej.
4731367,A e solle këtë në shtëpi?
4731384,"Menjëherë, zotëri."
4731396,Kemi punë për të diskutuar.
4731400,Tomi më ofroi një filxhan kafe.
4731404,Ai numëroi deri në 100.
4731406,Kësaj supe i duhet një çik kripë.
4731411,Departamentet federale janë goditur me një ndalim punësimi në një përpjekje për të ulur kostot e stafit qeveritar.
4731413,E kanë arrestuar.
4731418,Isha shumë i shqetësuar ndërsa po ngrihej avioni.
4731420,"Kur u ktheva në shtëpi, ai po gatuante darkë."
4731493,Vera ka ardhur herët.
4731494,Çfarë mendon se do të ndodhë?
4731495,Ai e adhuron atë.
4731496,Je ose me ne ose kundër nesh.
4731497,Ai pothuajse vdiq.
4731498,A do të pish çaj apo kafe?
4731499,Dera po lyhet nga ai.
4731533,Situata akoma ka mundësi të përmirësohet.
4731537,Të pëlqente të notosh.
4731538,Nuk lexova asnjë libër dje.
4731539,"Jam i lumtur sepse duke filluar nga sot, nuk kemi shkollë deri në shtator."
4731541,"Burri i pafajshëm doli nga salla e gjyqit duke ndier një peshë të madhe të ngrihej nga supet e tij, një buzëqeshje fitimtare tek buzët."
4731542,Pse nuk erdhe me mua?
4791595,Doni një birrë?
4833998,Gëzuar ditëlindjen!
4960469,Gëzuar Ditën Ndërkombëtare të Gruas!
4963631,Uji i mjaftueshëm është kusht i nevojshëm për jetën.
4963633,Heshtja nuk është marrëveshje.
4963636,Ajo është zgjuar.
4963641,E di që kjo është e rëndë.
4963643,Çfarë thanë ata për këtë?
4963644,Si e thirrin ata?
4963648,Si e thirrin atë?
4963653,"Tom e sqaroi atë në detaj, por unë akoma nuk e kuptoj."
4963655,Nuk jam duke mbajtur frymën.
4963656,Dikush duhet që ta punësojë Tomin.
4963658,Tomi ka punësuar një avokat.
4963661,Tomi me shumë mundësi akoma është duke u fshehur.
4963665,Nuk jam duke u fshehur nga ndonjëri.
4963666,Ku ka qenë duke u fshehur Tomi?
4963669,Çfarë tjetër janë duke fshehur ata?
4963671,A ka këtu ndonjë pagesë të fshehur?
4963672,Ku je duke u fshehur tani?
4963673,Shpresoj që të mos jem i vetmi që do të jetë aty.
4963674,Gjithmonë kam menduar që ajo ishte e çuditshme.
4963676,Tomi nuk me lejon t`i përgjigjem pyetjes së Merit.
4963678,"Ky nuk është futboll, ky është futboll amerikan!"
4963680,Ke kryer detyrat e shtëpisë?
4963681,I ke kompletuar detyrat e shtëpisë?
4963682,Lexoje këtë në mbrëmje.
4963683,Ramudi shkoi në shkollë.
4963684,"E vërtetë është, unë nuk kam ndonjë problem me të."
4963685,Thuaji babait tim se unë kam mbërritur.
4963687,Mbyllja e syve ju ndihmon të mendoni më mirë.
4963688,Emri im është Ichiro.
4963689,Harroje.
4963690,Pse gjithçka po shkon keq?
4963692,"Mirë, në atë zonë, natyrisht gjërat janë ndryshe per burrat dhe gratë."
5023777,Mirësevini në Tatoeba!
5175043,"Proletarë të të gjitha vendeve, bashkohuni!"
5247282,Cilën shfletuese po përdor ti?
5247295,E vizitova Parisin para shumë kohe.
5247298,Sa filxhane kafe pi ti në ditë?
5247299,A mund të ndihmoj me ndonjë gjë?
5247302,Kjo fjali është shumë e lehtë për të përkthyer.
5247305,Pse je aq i shqetësuar?
5247313,Tomi do që unë t'i jap ndonjë këshillë për blerjen e aksioneve.
5247314,Jemi më keq tani se sa përpara.
5247315,Tomi as nuk ishte këtu dje.
5247321,"Nëqoftëse ti nuk do të ma thuash, mirë është."
5247324,E them këtë që të kuptosh.
5247327,Tomi ishte shumë i dehur.
5247330,Duam të njohim Tomin.
5247332,Ti po i frikëson fëmijët.
5250510,Do të shëndoshesh po të hash aq shumë.
5250512,Unë nuk mund të ha aq shumë ushqim vetëm.
5250513,"Jo, nuk më pëlqen aq shumë."
5250514,Nuk ka aq shumë rëndësi se nga cila shkollë e lartë je diplomuar.
5250515,"Nëse nuk të pëlqen aq shumë mënyra ime për të bërë gjërat, pse nuk i bën vetë?"
5310055,Breshkat nuk kanë dhëmbë.
5310088,Breshkat janë zvarraniket.
5428206,Breshkat s'kanë dhëmbë.
5433262,Pse je aq e shqetësuar?
5448962,Çfarë studion një sovietolog?
5528321,Mos rreshqisni.
5528324,Mund të jetë një kurthë.
5528333,Në fund të çdo lënde kam një provim.
5528346,Shpik ndonjë gjë.
5528486,"Të pasurit kanë nevojë për mua, të varfërit kanë shumë nga unë dhe në qoftë se unë e ha atë do të vdes. Kush jam unë?"
5528508,Shtëpia të cilës mund ti shihni çatinë është e z. Baker.
5553616,Fjalët vranë krenarinë e tij.
5553627,Sapo theva një brinjë.
5553632,Degjova që tashmë keni kontaktuar ndërmjetësin.
5785745,Emri im është Ricardo.
6034524,Kam një fjalor.
6218278,"E la pirg e vrau, e la thes në tokë."
6274948,SOS - Arrin diçka në pikën më të lartë sa s'mund të përmbahet më.
6275874,"Sos - jap fund diçkaje, nuk lë me asnjë grimë a asnjë pikë, mbaroj. E sosi tërë miellin (bukën, lakrorin, gjellën, verën, ujin)."
6275887,"Diçka që përfytyrohet si paralajmëruese e një të keqeje, diçka që ndjell një të keqe, hije e keqe. Fantazma e krizës."
6276022,"Droga s'ka të sosur. (Sosur - Veprimi sipas kuptimeve të foljeve SOS, SOSEM. S'ka të sosur)"
6287918,Vëlla shpirti vëllam.
6297052,A do të hapësh restorantin e vet?
6297055,Leximi i librave nuk ishte më një privilegj i një pakice.
6297056,Ditëlindja e Tomit ishte pardje.
6297057,A do ta përdorësh këtë?
6297058,Ai është i përsosur.
6297059,Unë shoh kalin tënd.
6297060,Është e vështirë të mësosh.
6297061,Nuk mund të të shoqëroj. Më mungon para.
6297062,Kush do të jetë i pari të jetojë deri në lindjen e stër-stër-stër-nipin e tij?
6297063,Mary mendon të mos lindë më shumë se dy fëmijë.
6297064,A do të bie shi sot akoma?
6297065,Ma tregoi lajmin Hashimoto-i.
6297066,E vetmja punë që ka pasur ndonjëherë Tomi është ajo që ka tani.
6309864,"Kush kërkon, gjen."
6698155,Ku është biblioteka?
6824266,Unë jam Ricardo.
6893099,Bleva ushqimi nga tregu.
6893101,Jam akoma gjallë!
6893102,Çfarë po shikon në televizor?
6894532,Unë do të të vras.
6894533,Më dhemb stomaku.
6894535,Unë shkova në supermarket.
6894536,Shkova në supermarket.
6981336,U ndjeva keq.
6981345,Mua më pëlqen të rri me ty.
6981354,Ky qytet është i shëmtuar.
6981358,Më pëlqen ky qytet.
6981364,Problemet janë probleme.
6981369,Dua të vdes.
6981373,Kosova është shteti më i ri në Evropë.
6981379,Durrësi është një qytet shumë i vjetër.
6981381,Kush mendon se je?
6981383,Gegërishtja flitet në veri të lumit Shkumbin.
6981388,Do të kaloj fundjavën në Boston.
6981389,E ke numrin e gabuar.
6981392,"Nuk mund ta ndryshojmë historinë, por mund të mësojmë nga ajo."
6981394,Jiro nuk është këtu.
6981396,Është perfeksioni i mërzitshëm?
6981397,Lajmi i mirë është që nuk do të vdesësh.
6981398,Çfarë dreqin është ajo gjëja?
6981399,Nuk e di.
6981401,Unë vij nga një familje doktorësh.
6981402,Njerëzit janë miqësorë këtu.
6981403,Gota ime është e papastër.
6981407,Duhet të jesh e fortë.
6981408,"Oh, shiko, ata po puthen!"
6981409,Tomi ishte xheloz për suksesin e Marisë.
6981414,Kjo është shtëpia ime e tretë.
6981416,Ky turist duket si Jezusi.
6981420,"O Zot, qeni im do të binte në dashuri me ty."
6981421,Punoj si kuzhinier.
6981423,Qyteti është plot me turistë.
6981424,Do të doja të flisja spanjisht.
6981425,Ke parë filma Disney më parë?
6981427,Maria humbi çelësin.
6981429,Ndoshta duhet t'i tregosh asaj të vërtetën.
6981435,Lashë një dhuratë nën jastëkun e saj.
6981437,"Po të kisha mjaftueshëm para, do ta bleja atë makinë."
6981439,Maria është e shkëlqyeshme. Ajo gatoi një darkë të mrekullueshme për mua dhe madje lau vetë pjatat.
6981440,Afrika është një kontinent.
6981442,Ata ishin të organizuar.
6981445,Nuk më pëlqejnë fishekzjarret.
6981446,Emri im është Dan.
6981447,Jeta është e bukur. Askush nuk tha që ishte e thjeshtë.
6981448,Jam ende mirë.
6981449,Je një idiot. Mos u kthe.
6981451,Islanda është një ishull.
6981452,Çfarë mendon për teorinë time?
6981456,Më vjen keq që theva premtimin tim.
6981462,"""Më beso, Jack!"" ajo qau."
6981464,"Pse më shikon ashtu, Jack?"
6981465,"""Çfarë do të thuash?"" ajo qau."
6981467,Nuk kam qenë këtu më parë.
6981471,"Vetëm pse është e mundur për ta bërë, nuk do të thotë që duhet ta bësh."
6981473,Tomi dhe Maria kanë vetëm një fëmijë.
6981474,"Tom, ku je? Unë po vdes këtu."
6981478,A flet shqip?
6981479,Kosova është tani një shtet i pavarur.
6981480,Prishtina është kryeqyteti i Kosovës.
6981482,Rumania është një vend ballkanik. Kryeqyteti i saj është Bukureshti.
6981483,"Gëzuar ditëlindjen, Rumani!"
6981484,Unë jam nga Rumania.
6981485,Kryeqyteti i Rumanisë është Bukureshti.
6981487,"Rumania quhet ""România"" në rumanisht."
6981489,Muzeu kombëtar Brukenthal është muzeu i parë që u hap zyrtarisht në Rumani.
6981490,Më pëlqejnë gjuhët.
6981491,Ti flet gjuhën time.
6981493,Ai flet pesë gjuhë.
6981494,Të gjithë flasin një gjuhë.
6981495,Ajo flet dhjetë gjuhë.
6981496,Mua më pëlqejnë gjuhët e huaja!
6981497,Unë e kuptoj gjuhën tënde.
6981498,Ai flet dhjetë gjuhë.
6981499,Hobi im janë gjuhët.
6981500,Më pëlqen gjuha ime.
6981502,Mua më pëlqen të mësoj gjuhë.
6981503,Ajo flet tre gjuhë.
6981505,Anglishtja është një gjuhë.
6981506,Të mësosh gjuhë është interesante.
6981507,Unë flas pesë gjuhë.
6981508,Mua më pëlqejnë të gjitha gjuhët.
6981509,Tomi mësoi gjuhën e shenjave.
6981510,A është e vështirë gjuha e tyre?
6981511,Çfarë gjuhë është kjo?
6981512,Kjo gjuhë tingëllon bukur.
6981513,I dua gjuhët uralike.
6981514,I dua gjuhët keltike.
6981515,I dua gjuhët gjermanike.
6981516,Tomi flet shumë gjuhë.
6981517,Anglishtja është gjuhë internacionale.
6981518,Mund ta kuptoj gjuhën tënde.
6981519,Latinishtja është gjuhë e vdekur.
6981520,Ti po flet gjuhën time.
6981521,Anglishtja është gjuhë gjermanike.
6981522,Frëngjishtja është gjuha e saj e parë.
6981523,Prusishtja është gjuhë baltike.
6981524,Më pëlqen të mësoj gjuhë të vjetra.
6981525,Ai flet vetëm një gjuhë.
6981526,Ku flitet gjuha jote?
6981527,Çfarë gjuhë flet Tomi?
6981528,Ai flet dy gjuhë të huaja.
6981529,Frëngjishtja është gjuhë e vështirë.
6981530,Çfarë gjuhë po flasin ata?
6981531,Cila është gjuha jote e preferuar?
6981532,Greqishtja është gjuhë e vështirë.
6981533,Rumanishtja është gjuhë latine.
6981534,Gjermanishtja është gjuhë gjermanike.
6981535,Rusishtja është gjuhë sllave.
6981537,Cila është gjuha më e vështirë?
6981551,Mirë.
6981552,Lexo!
6982008,Ke parë ndonjëherë ndonjë fantazmë?
6982010,Të lutem hape dritaren.
6982013,I njeh ata meshkujt atje?
6982015,Ai u tha prindërve se i donte fort.
6982016,Unë isha duke ecur kur pashë atë.
6982017,Darka ishte e shijshme. Mua më pëlqeu fort.
6982018,Zana e Malit është krijesë e bukur.
6982019,Ai ka një kalë të kaftë.
6982020,Ishte një ditë e zakonshme sot.
6982022,Televizoni shtetëror tani po transmeton lajmet.
6982023,Çfarë u bë?
6982024,Në pyll ai pa një derr të egër.
6982026,Vendimi për këtë do të shpallet nesër.
6982028,Unë tani po endem si të mos kisha shtëpi.
6982032,Merimangat janë insekte tetëkëmbëshe.
6982033,Ai është i çmendur por megjithatë ajo ende e dashuron.
6982035,Vajza e vogël pa disa kuaj nga dritarja.
6982036,Ky sezon veror nuk më pëlqen shumë.
6982039,Ai punon te burimet njerëzore.
6982040,Ajo jetoi një jetë të gjatë e të trishtë. Vdiq duke shpresuar që do ta shihte të birin qoftë edhe një herë.
6982041,Ai ka nëntë palë këpucë.
6982043,Flisni ju spanjisht?
6982044,Më the që ne të dy do të jemi së bashku përgjithmonë. Pastaj u largove.
6982045,Dita e mirë shihet në mëngjes.
6982046,Ajo po i shmangej takimit me të.
6982047,"Maria mbante nën jastëk fotografinë me të dashurin, i cili sapo kishte ndërruar jetë."
6982048,Dëshiron një portokall?
6982050,"Ajo mund të mos jetë bijë e mirë, por të paktën është njeri i mirë."
6982051,Maria i tregonte fëmijëve të saj të njejtën përrallë të cilën ia kishte treguar e ëma kur ajo ishte fëmijë.
6982053,Ai kishte shumë fjalë e pak vepra.
6982054,"Mos hyj aty, është me rrezik!"
6982055,Ajo ha një mollë të kuqe.
6982056,Vajza e vogël pa një peshk të artë dhe shprehu një dëshirë.
6982058,Shtetet e Bashkuara të Amerikës bëjnë pjesë në Këshillin e Sigurimit të Organizatës së Kombeve të Bashkuara.
6982060,Ajo pa një ylber të bukur dhe u lumturua.
6982061,Kam dhimbje në krah.
6982063,Nuk i pushonte goja.
6982066,Nga dritarja e burgut Agroni pa një zog që fluturonte i lirë dhe ndjeu një dëshirë të flaktë që edhe ai të shijonte lirinë.
6982068,Kush do të luajë rolin e princeshës?
6982070,Ligji është i njejtë për të gjithë.
6982072,"Ku është familja jote, Tom?"
6982073,"Nuk mund të të ndihmoj, sepse nuk kuptoj hungarisht."
6982075,Loja ishte e shkëlqyeshme.
6982076,Pagova një gjobë.
6982078,Brigitte është emër hollandez.
6982079,"Më pëlqejnë gratë, më pëlqen vera."
6982081,"Xhaxhai im jeton në Madrid, kryeqytetin e Spanjës."
6982082,Unë jam nga Kolumbia.
6982083,Ato janë motrat e mija.
6982084,Franca është republikë.
6982088,Sa është ora?
6982090,Unë dua të kem një motër.
6982091,Ai u largua pa e kuptuar se çfarë kishte ndodhur.
6982092,Maria dëgjonte vetëm sharje dhe ofendime.
6982094,Ishte një ditë e bukur me diell kur erdhi lajmi se Maria kishte vdekur.
6982095,Tomi pa një luan në kopshtin zoologjik.
6982096,Ana u diagnostifikua me pneunomi.
6982097,Ana dëshironte të dëgjonte një përrallë me zana.
6982098,Genci u ngjit në një pemë të lartë.
6982100,Ato kërkonin të drejta të barabarta.
6982101,A të pëlqen ngjyra e verdhë?
6982103,Mos e kërko lumturinë. Ajo nuk ekziston.
6982104,Ajo kishte shumë ëndërra.
6982106,Ajo vdiq e bashkë me të edhe ëndërrat e saj.
6982107,Ata u përpoqën të zbulonin të vërtetën.
6982109,Dardha bie nën dardhë.
6982110,Njeriu për njeriun është ujk.
6982112,"Të lutem, buzëqesh."
6982113,Unë nuk mund të këndoj.
6982115,Ata nuk kanë ndërmend të ndalen.
6982116,Ana ishte një vajzë e bukur.
6982158,Ke dy opsione.
6982722,Unë jam dentisti i Tomit.
6982723,Unë nuk do të këndoj sot.
6982725,Ndjeva sikur do të vdisja.
6982727,Tomi u përpoq të vriste veten dje.
6982729,A është ajo e martuar?
6982730,Tomi do të përfundojë në burg.
6982731,Do të kemi një grup të talentuar këtu.
6982732,Tomi shkon në shkollë publike.
6982737,Nuk duhet të humbasim shpresën.
6982742,Tomi zakonisht fiton.
6982744,Ai vdiq nga i ftohti mbrëmë.
6982746,Problemi është që nuk e dimë se ku është Tomi.
6982747,Çfarë nuk shkon me këtë fotografi?
6982749,Tomi dhe Maria po konsiderojnë divorcin.
6982750,Dua të shkoj të fle.
6982751,Tomi po ha një dardhë.
6982753,A është Tomi anëtar?
6982754,I dhashë disa libra Tomit.
6982757,Ti e di që nuk është e vërtetë.
6982758,Ju e dini që nuk është e vërtetë.
6982759,Kjo kuti do të shërbejë si tavolinë.
6982761,Të dy e keni gabim.
6982762,Tomi është më i fortë se unë.
6982763,Nuk i kuptoj rregullat e lojës.
6982765,Nuk mund të shkosh në Boston këtë fundjavë.
6982766,Nuk kemi humbur shumë.
6982767,Jam shumë e uritur tani.
6982768,Jam shumë i uritur tani.
6982769,Ai u zgjodh kryebashkiak përsëri.
6982771,Si është e mundur ajo?
6982772,Na tregoni se kush jeni ju.
6982773,Tomi nuk është student.
6982774,Ata po punojnë.
6982775,Nuk mund ta bëj të lumtur Tomin.
6982776,Ti vërtetë je trap.
6982777,Kjo është e lehtë.
6982778,Kur shkove në shtëpi?
6982780,Kur shkuat në shtëpi?
6982781,A je ti dadoja e re?
6982783,Mendoj se kam thyer këmbën.
6982784,Tomi nuk ka nevojë për asgjë.
6982787,"Nuk është ideja e tij, është e imja."
6982789,Kur do të përfundojë kjo?
6982791,Mund të lë një mesazh?
6982792,Tomi e dinte që isha skeptik.
6982794,Shtëpia i përket atij.
6982795,Jam gjithmonë krenar me familjen time.
6982796,Për kë është ky mesazh?
6982797,Nuk kemi përgjigje.
6982799,Mos harro të blesh bukë.
6982800,Mos harroni të bleni bukë.
6982801,Kryeministri ra në Danub dhe u mbyt.
6982802,Bleva një çadër.
6982804,Ishte e imja.
6982805,Pse është ende në shkollë Tomi?
6982806,Skllevërit konsideroheshin pronë.
6982808,Libri yt më ka ndryshuar jetën.
6982809,Më trego ku ka shkuar Tomi.
6982810,Jetoj afër Tomit.
6982811,Të gjithë e duan macen time.
6982812,Le të fillojmë në 2:30.
6982813,Tomi u pajtua të ndihmonte.
6982814,Tomi është aktivist për të drejtat e njeriut.
6982815,Shikova në pasqyrë.
6982817,Më pëlqen shumë gjuha japoneze.
6982818,Askush nuk ishte në dhomë.
6982819,Gjyshi im ishte arkeolog.
6982820,Tomi pati një ditë vërtetë të keqe.
6982821,Tomi është heroi im.
6982822,Nuk do të kem nevojë për ty.
6982927,Tomi ha shumë.
6982991,Tomi ishte i zënë tërë ditën.
6982994,Do të jetë Tomi këtu sot?
6982997,Tomi ec tre milje në ditë.
6982999,Tomi shkroi një shënim në frëngjisht.
6983003,Tomi po planifikon një udhëtim në Australi me Marian.
6983009,Është sëmundja e Tomit serioze?
6983011,Është serioze sëmundja e Tomit?
6983015,Ose shkon Tomi ose shkoj unë.
6983016,Nuk është as koha as vendi.
6983019,Kam tre herë më shumë libra se Tomi.
6983027,Tomi urren punën e tij për shumë arsye.
6983029,"Tomi ishte ulur vetëm, po lexonte një libër."
6983030,"Tomi ishte ulur vetëm, duke lexuar një libër."
6983032,"Tomi është në pushim tani, apo jo?"
6983102,Tomi tha që ishte e vërtetë.
6983103,Prindërit e Tomit jetojnë në një shtëpi të madhe.
6983104,"Tomi është në dhomën e tij tani, apo jo?"
6983105,Tomi pagoi faturën e tij vonë.
6983106,Ne shikuam fishekzjarret së bashku.
6983107,Nuk e kisha menduar kurrë që do të ishte e lehtë.
6983108,Po qeshin me mua?
6983109,A po qeshin ata me mua?
6983110,Laje mollën para se ta hash.
6983112,Unë kam lindur në këtë spital.
6983114,Cila është e vërteta?
6983115,Tomi nuk përdor kripë në gatimet e tij.
6983116,Nuk flas as frëngjisht as anglisht.
6983117,Le të pastrojmë tavolinën.
6983118,"Tomi u bë doktor, si i ati."
6983119,Ka një zgjidhje tjetër.
6983120,Shiko çfarë do Tomi.
6983121,Pse nuk shkon të shohësh se çfarë do Tomi?
6983122,Si u zure?
6983123,Mos harro të sjellësh kostumin e banjës.
6983124,Të gjithë ishin jashtë qytetit.
6983126,Tomi u betua për hakmarrje.
6983127,Nuk kam parë kurrë një vajzë kaq të bukur.
6983128,Pashë të dashurën tënde duke puthur Tomin.
6983129,Ëmbëlsira e vetme të cilën vërtetë e pëlqej është akullorja.
6983130,I vetmi vend ku dua të jem tani është me ty.
6983131,E vetmja gjë që dua të bëj tani është të fle.
6983132,E vetmja gjë që pashë në tavolinë ishte një mollë.
6983133,Cili ishte rezultati yt final?
6983135,Rrugët e New Yorkut janë shumë të gjera.
6983136,E pabesueshme!
6983137,Vërtetë?
6983138,E mrekullueshme!
6983139,Dëgjo.
6983140,Buzëqesh.
6983141,Nxito.
6983142,Askush nuk erdhi.
6983144,Gëzuar Krishtlindjet.
6983145,Shumë vonë.
6983146,"Peshk, ju lutem."
6983147,Të gjithë qeshën.
6983148,Asgjë nuk ndodhi.
6983149,Pse unë?
6983150,Për çfarë?
6983151,Ndonjë e re?
6983152,Jo keq.
6983153,Dëgjo me kujdes.
6983154,Puno ngadalë.
6983155,Vozit ngadalë.
6983156,Më falni?
6983157,Sa thellë?
6983158,Eja këtu.
6983159,Zonjat të parat.
6983161,Ndihmo veten.
6983162,"Përshëndetje, Tom."
6983163,Paç fat.
6983164,Më ndiq.
6983166,Qesha.
6983167,Më ndihmo.
6983170,Eja shpejtë!
6983171,Sa e turpshme!
6983173,Vitet kaluan.
6983174,Zogjtë fluturojnë.
6983176,Zogjtë këndojnë.
6983177,Harroje atë.
6983178,Ai qeshi.
6983179,Ajo buzëqeshi.
6983181,Ajo qau.
6983182,E di.
6983183,Edhe unë.
6983184,Zgjohu!
6983185,Fantazmat ekzistojnë.
6983189,Mirëmbrëma.
6983191,Eja në shtëpi.
6983192,Kuptoj.
6983193,Ndonjë gjë tjetër?
6983194,Jap dorëheqje.
6983195,Të lutem vazhdo.
6983196,Zgjidh një.
6983197,Ju lutem vazhdoni.
6983199,Ai erdhi.
6983201,Isha i kujdesshëm.
6983202,"Tingëllon e çuditshme, apo jo?"
6983203,Faleminderit që më shtuat në grup.
6983213,Të lutem eja.
6983214,Të lumtë!
6983215,Kthehu djathtas.
6983216,Të lutem ulu.
6983217,Pas teje.
6983218,Të lutem largohu.
6983219,Ska problem.
6983220,Eja shpejtë.
6983221,Kërkoj ndjesë.
6983222,Pajtohemi.
6983223,Zhduku!
6983224,Ai vrapo.
6983225,Ti vrapon.
6983226,Ai vrapon.
6983227,Dikush thirri.
6983228,Heq dorë.
6983230,Rrini të qetë.
6983231,Dikush erdhi.
6983232,"Shampanjë, të lutem."
6983233,Të gjithë gënjejnë.
6983234,Bëhu realist!
6983236,Tomi u zhduk.
6983237,Hap zjarr!
6983238,Qetësohu!
6983239,Të lutem nxito!
6983240,Shkruaj diçka.
6983241,Ulu!
6983242,Më fal.
6983243,Punon.
6983244,Diçka ndodhi.
6983245,Ra shi.
6983246,Ajo u zhduk.
6983247,Nëna qau.
6983248,Mamaja qau.
6983249,Dikush në shtëpi?
6983250,Ji vetvetja.
6983251,Ha ngadalë.
6983252,Ji i arsyeshëm.
6983254,Askush nuk vdiq.
6983256,E dimë.
6983257,Sa e bezdisshme.
6983258,Ata fituan.
6983259,Shiko atje.
6983260,Askush nuk pyeti.
6983261,Na u bashko.
6983262,Humba.
6983264,Vazhdo leximin.
6983265,Prit këtu.
6983266,Askush nuk e di.
6983267,Shpëto veten!
6983268,Thuaj djathë.
6983269,Rri pas.
6983271,Të lutem buzëqesh.
6983272,Më përqafo.
6983319,Mos më bëj të qesh.
6983358,"Më telefono, të lutem."
6983369,Fëmijët kanë nevojë për shumë gjumë.
6983372,E di ku ka shkuar Tomi.
6983373,Duhet ta paditësh atë.
6983375,Të pëlqen çaji?
6983376,Ju pëlqen çaji?
6983377,Ende e urren esperanton?
6983378,Ata janë të ndryshëm.
6983379,Jemi në një luftë të hapur.
6983380,Kishe të drejtë për shumë gjëra. Megjithatë bëre disa gabime.
6983381,Janë mësues.
6983458,Përshëndetje.
6983472,Si je?
6983503,Si ke qenë?
6983518,Më dhemb koka.
6983918,Dukesh e bukur këtë mbrëmje.
6984049,Mendova se Tomi po flinte.
6984784,Tomi ka eksperiencë.
6984790,"Si është gruaja jote, Tom?"
6984797,Kur u pushua Tomi?
6984801,Nuk dua të jem kështu më.
6986524,Mos më bëj të vuaj.
6987661,Por është shumë e shtrenjtë!
6987944,Shkon në punë çdo mëngjes në të njejtën kohë?
6988760,Ai është student i mjekësisë.
6988762,Bëra çaj mbrëmë.
6988853,E vetmja gjë nga e cila duhet të kemi frikë është vetë frika.
6989488,Kjo lojë është e lehtë.
6989511,Ku është dalja?
6989516,Duhet të kisha ngrënë mëngjes.
6989517,Ti po më gënjen.
6989519,Faleminderit që më mësuar si ta bëj këtë.
6989520,Do të më duhet pak më shumë kohë.
6989523,Është duke u rregulluar.
6989525,Kam kërkuar azil politik.
6989526,Dua të bëhem astronaut.
6989527,Ka pasur një ndryshim të planit.
6989530,Nuk është efektive.
6989531,Maria u nda me të dashurin.
6989532,Mund të ulesh në karrigen time.
6989535,Është fotografi e bukur.
6989537,Unë nuk isha atje.
6989539,Prona është e imja.
6989541,Nikotina është helm.
6989543,Ndoshta Tomi nuk do që ti të shqetësohesh.
6989546,I respektoj pikëpamjet tuaja.
6989548,"Mund ta shoh menunë, ju lutem?"
6989550,Është për turistë.
6989551,Prisja më shumë nga ti.
6989553,Ishe në Boston verën e kaluar?
6989558,Ndalo!
6989562,Jam i etur.
6989563,Jam e etur.
6990119,Punoj për McDonald's.
6990120,Çfarë mungon?
6992765,Je ulur në karrigen time.
6992767,Atij nuk i pëlqejnë vezët.
6992771,Nuk e di nëse po më tregon të vërtetën apo jo.
6992775,Mos lëndo askënd.
6992777,"""Kush është?"" ""Jam unë."""
6992780,"""Nuk jam i lodhur."" ""As unë."""
6992783,"Nëse është falas, merr sa më shumë që të mundesh."
6992785,Layla vdiq e vetmuar në shkretëtirë.
6992790,Ne kemi një përgjigje.
6992791,Kemi një përgjigje.
6992813,Ai provoi për gati një orë.
6993177,Atëherë pse erdhe këtu?
6997323,A luan mirë tenis?
6997327,Paraja flet.
6997329,"Biftek, ju lutem."
6997330,"Biftek, të lutem."
6997331,Provove.
6997332,Provuat.
6997335,Dil jashtë.
6997336,I thashë Tomit që jemi miq.
6997337,"Motra ime nuk është kuzhiniere e mirë, as unë nuk jam."
6997338,Plagët e Tomit nuk ishin të vetëshkaktuara.
6997339,Tomi po punon në një bankë.
6997340,Nuk të lejohet të flasësh frëngjisht këtu.
6997341,Nuk lejohesh të flasësh frëngjisht këtu.
6997344,Nuk je i lejuar të flasësh frengjisht këtu.
6997345,Tomi pagoi tre dollarë për një senduiç.
6997347,"Tomi është këtu për të na ndihmuar, apo jo?"
6998101,Nuk mund të pres përgjithmonë.
6998935,Kemi dy fëmijë.
6999362,Dje Maria pastroi shtëpinë dhe lau rrobat.
7002372,Zemra ime i përket dikuj tjetër.
7002377,Duket se Tomi është i mërzitur.
7002380,Dua të di ku ke qenë.
7002381,Dua të di se ku ke qenë.
7002385,Kjo është ajo të cilës i trembej Tomi.
7002389,Kjo është ajo që trembte Tomin.
7002391,Përse po më injoron Tomi?
7002392,A do të jetojë Tomi?
7002394,Do të jetojë Tomi?
7002396,"Tomi është briliant, apo jo?"
7002397,Tomi është armiku im.
7002400,Mendoj se Tomi është i çuditshëm.
7002404,Pse nuk vjen në shtëpinë time të luash në piano?
7002406,Pse nuk vjen në shtëpinë time të luash pianon?
7002413,Tomi arriti herët këtë mëngjes.
7003283,Unë nuk jam kush mendon ti se jam; Nuk jam kush mendoj se jam; Jam kush mendoj se ti mendon që jam.
7003286,E di që ishe krenar me mua.
7003287,E di që ishit krenarë me mua.
7003290,Sa kushton ky libër?
7003310,Është ajo në Berlin?
7003314,Unë jam.
7003321,Mirëmëngjes!
7003323,Ti je Maria.
7003326,Mirëdita!
7003337,Alfabeti vllah ka 33 shkronja.
7003340,Maria është me mamanë.
7003342,Nëna ime.
7003348,Tomi luan me top.
7003355,Ju jeni djem.
7003357,Ata janë familje.
7003362,Mbaj mend.
7003365,Unë flas në telefon.
7003367,Babai është në rrugë.
7003369,Ai bërtet.
7003378,Guri rëndon në vend të vet.
7003381,Dimri është i gjatë.
7003385,Maria ka sy ngjyrë kafe.
7003393,Kur të rritem...
7003398,Postieri shpërndan postën.
7003403,Polici mban rregull.
7003409,Sot është e mërkurë.
7003412,Dje ishte e martë.
7003415,Nesër do të jetë e enjte.
7003421,Viti ka 12 muaj.
7003423,Stinët e vitit.
7003443,Mirë u pafshim!
7003447,Unë do të kem...
7003893,Është emër italian.
7003894,Do të të thërras kur të arrij në Boston.
7003917,Pse ishe në burg?
7003919,Përse ishe në burg?
7003920,Tomi mendon se jam ende një fëmijë.
7003924,Ke ndonjë ide se kush e ka shkruar këtë libër?
7003928,Kush është ai djali?
7003929,Të dy duken të dyshimtë.
7003931,Shpata mund të përdoret për të mbrojtur trupin.
7003936,Ajo jeton në fshat.
7005218,Vetëm dua të pushoj.
7005220,Dua vetëm të pushoj.
7005250,Të gjithë do të më quajnë gënjeshtar.
7005251,Nuk dua që ti të lëndohesh.
7005261,Tomi e di që jam kanadez.
7005262,Tomi e di që jam kanadeze.
7005267,Po notoj në oqean.
7005413,Mace!
7005414,Mund ta përballoj Tomin.
7005416,Unë mund të merrem me Tomin.
7005419,"Nuk dua të të humbas, Tom."
7005421,Sa njerëz punojnë këtu?
7005422,Sa vetë punojnë këtu?
7005424,Sa persona punojnë këtu?
7005425,Ajo e ftoi brenda atë.
7005426,Ajo e ftoi brenda.
7005428,Nuk di asgjë për të përveç asaj që më ke treguar ti.
7005429,Afroje karrigen më afër tavolinës.
7005430,Pastroje pasqyrën.
7005432,Pastro pasqyrën.
7005433,"Edhe pse është i pasur, ai nuk është i lumtur."
7005435,Vëllau im është i gjatë sa unë.
7005436,Vazhdon të mos kuptosh?
7005437,Ende nuk kupton?
7005438,Dhimbja kurrë nuk u largua.
7005439,Çfarë po kërkonte Tomi?
7005440,Thanë që janë të etur.
7005442,Kjo nuk është ajo çfarë desha të them.
7005443,Unë ha djathë.
7005444,Jemi nga këtu.
7005446,Duhet t'i kushtosh vëmendje mësuesit.
7005447,Duhet t'i kushtosh vëmendje mësueses.
7005448,Duhet t'i kushtosh vëmendje profesorit.
7005450,Duhet t'i kushtosh vëmendje profesoreshës.
7005452,Më në fund kuptoj.
7005454,Të kam treguar çdo gjë që di për Gjermaninë.
7005456,Mendoni për të ardhmen tuaj.
7005458,Je mirë?
7005460,A jeni mirë?
7005461,Më do?
7005463,A më do mua?
7005465,A koleksiononi ende stampa?
7005467,A koleksiononi ende pulla të postës?
7005468,Flet frëngjisht çdo ditë?
7005471,Nuk kisha zgjidhje tjetër.
7005474,Nuk kuptoj pse rri me Tomin tërë kohën.
7005480,"Dan, Linda, Matt dhe Rita janë miqtë e mi të rinj."
7005483,Tomi nuk është në spital.
7005484,Rri brenda.
7005485,Rrini brenda.
7005535,Llogaria juaj është e zbrazur.
7005539,Jemi të mërzitur për këtë humbje.
7005542,"Epo, le të shohim."
7005544,"Epo, le t'i hedhim një sy."
7005546,Do të jem i lirë tërë mëngjesin të premten tjetër.
7005547,Do të jem e lirë tërë mëngjesin të premten tjetër.
7005548,Më njeh?
7005549,Më njihni?
7005552,Kam vetëm një fotografi të saj.
7005554,E kam humbur atë unazë.
7005555,Çdo gjë do të shkojë mirë.
7005557,Ai më ftoi për darkë.
7005559,Tomi fitoi ndeshjen.
7005562,Mos i lejo ta lëndojnë Tomin.
7005563,Tomi nuk e di se çfarë do të bëjë.
7005564,Gjithmonë zgjohem në 6:30.
7005565,Kam para për ty.
7005566,Ra shi gjatë natës.
7005568,Jam nga Greqia.
7005569,Ke njohur ndonjë kanadez këtu në Boston?
7005570,Kam lexuar librin tuaj. Ishte shumë interesant.
7005572,Kam lexuar librin tënd. Ishte shumë interesant.
7005573,Lëre librin aty ku është.
7005574,Duhet ta paralajmëroj Tomin.
7005576,Çfarë i ke thënë Tomit?
7005582,Si e shqipton mbiemrin tënd?
7005583,Si e shqiptoni mbiemrin tuaj?
7005584,Si shqiptohet mbiemri yt?
7005585,Si shqiptohet mbiemri juaj?
7005586,Ai ishte shumë i durueshëm.
7005587,Mos u largo.
7005588,Pengjet do të lirohen nesër.
7005589,Ke bërë ndonjë gjë?
7005590,Kush është avokati juaj?
7005591,Kush është avokati yt?
7005592,U përgjigja.
7005593,Askush nuk u përgjigj.
7005594,Dikush u përgjigj.
7005595,Tomi u përgjigj.
7005596,Familja është e rëndësishme.
7005597,Shpresa nuk ushqen familjet tona.
7005598,E sheh qiellin?
7005599,Nuk janë rregullat e mia.
7005600,Jam i kujdesshëm.
7005601,Jam e kujdesshme.
7005602,Në të kaluarën njerëzit shkonin në kishe për t'u rrëfyer. Tani ata shkruajnë në Facebook.
7883416,Beduinë jetojnë në shkretëtirën.
8626621,Rri në shtëpi.
8626622,Qëndro në shtëpi.
8737913,"Në Angli, parqet që marrin rraca të rralla kafshësh si tematikë po rriten në popullaritet"
8737922,Unë mendova se Tom dhe Mary ishin të martuar
8737923,Unë nuk kam të dashur
8737929,Shfarosja është pjesë e evolucionit.
8737930,Ulu dhe fol me mua.
8741104,Unë jam një grua.
8741105,Unë nuk jam një burrë.
8741107,Ku është akullore me vanilje?
8741110,Më pëlqen akullore me vanilje.
8741111,Ku është Boston?
8741113,Sot është një ditë e mirë.
8741118,Shpesh unë ha bukë me gjalpë dhe mjaltë.
8741122,Ky është një qen.
8741127,Shpesh unë pi çaj nenexhik me mjaltë dhe krem.
8741129,Ku është motra ime?
8741130,Unë ha peshk me kripë.
8741131,Ti ha bukë me reçel pjeshkë.
8741132,Ajo pi kafe me sheqer dhe krem.
8741136,Kush je ti?
8741137,Kush jam unë?
8766900,Nuk jam e sigurt nese mund te marrim bileta kete mbremje.
8766904,Nuk jam e sigurt nese mund te gjejme bileta kete mbremje.
8766918,Tomi ka kaluar shume veshtiresi.
8766920,Tomi duhet te jete duke e bere kete.
8766926,Ajo eshte dakort me ate.
8766937,Tomi i tha Merit te qendroje ne shtepi.
8766941,Tomi preu nje peme ne kopshtin e tij.
8766944,Tomi eshte ne vit te katert te gjimnazit.
8766947,Mua nuk me pelqen gjuha e saj.
8766952,Tomi dhe Meri nuk duan te largohen nga Bostoni.
8766954,Tomi mendon se ju te dy jeni bere per njeri-tjetrin.
8766958,Une shkova ne shtepi dhe Billi qendroi ne zyre.
8766961,Epo ndoshta ke te drejte.
8766962,Edhe kur te jesh i vjeter e i thinjur duhet te jesh ne gjendje ta shijosh jeten.
8766963,Nuk e kuptoj ankesen tende.
8766965,Ishim jashtezakonisht shume me fat.
8766967,Dua te takoj vajzen e enderrave te mia.
8766968,Dua ta takoj vajzen e enderrave te mia.
8766969,"Edhe kur te jesh e vjeter e e thinjur, duhet te jesh ne gjende ta shijosh jeten."
8766975,Ajo dukej e frikesuar.
8766977,Ajo dukej se ishte e frikesuar.
8766979,Ajo me tha se do te perpiqej ta bente.
8766981,Policia kapi nje sasi te madhe droge ne shkolle.
8766982,Tomi ka frike se mos Meri ndryshon mendjen.
8766983,Tomi ka frike se Meri mund te ndryshoje mendjen.
8766989,Shumica e amerikaneve e pelqejne Rusveltin.
8766990,Isha vertete shume pa fat.
8766991,Une isha vertete shume pa fat.
8766993,Isha vertete shume i pafat.
8766994,Une isha vertete shume i pafat.
8766997,Ajo eshte nje pjese shume e bukur e vendit.
8766999,Ajo tha se ajo vete ishte e alkolizuar.
8767003,Une mendova se ishte gjeniale.
8767006,Tomi palosi letren.
8767007,Tomi e palosi letren.
8793570,Ndonjehere me mbahet goja.
8793571,Mua ndonjehere me mbahet goja.
8793574,Ndonjehere me merret goja.
8793576,Mua ndonjehere me merret goja.
8793579,Sapo morra vesh qe do te te japin nje cmim sot ne darke.
8793583,E dije qe Tomi dhe Meri po planifikonin te martoheshin?
8793586,E dije qe Tomi dhe Meri po benin plane per tu martuar?
8793590,Tomi me tha qe duhet te jap doreheqjen.
8793594,Tomi me tha qe eshte me mire te jap doreheqjen.
8793597,Tomi tha qe nuk donte ta shikonin me Merin.
8793600,Meri that qe ndihet me mire sot.
8793605,Nuk e kam provuar ta bej ne menyren qe me tha Tomi.
8793610,Tomi mund te na kishte thene te verteten.
8793615,"Nese kerkon mjaftueshem ne eBay, do te gjesh patjeter dicka qe nuk e dije asnjhere qe e doje."
8793619,Tomi do te kete menduar qe i duhej ta bente.
8793624,Mennadi e trajton Bajan shume keq.
8793627,Ti di te shtiresh mire.
8793629,Di te shtiresh mire.
8793636,"Meri eshte shume e ditur, apo jo?"
8793639,Sami takoi nje grup njerezish te lajthitur.
8793640,"Po ta dinim, do te kishim ardhur me heret."
8793641,"Po ta dinim, do te kishim ardhur me shpejt."
8793646,Meri po i ri-shikon te gjitha opsionet qe ka.
8793651,Qeni po ha.
8793656,Eshte e nevojshme qe Meri te iki vetem?
8793662,Nuk ia dime vleren e vertete shendetit pa e humbur.
8797914,"Miremengjes, Tom."
8818404,"Si duket, Tomi ishte vonë sepse kishte trafik ne Rt. 19."
8818419,Unë punoj fortë
8818422,Hape dritaren se është ftohtë.
8835784,Me pushime do të shkoj në Francë.
8835787,Lulet janë të verdha.
8858172,Vitin e Ri!
8971598,Vendosi shumë para te kursimet e tij.
8971599,Ai vuri shumë para te kursimet.
8971600,Vuri shumë para mënjanë.
8971602,Riktheji topin!
8971604,Jepi topin!
8971605,Sapo mësova një qind fjalë në esperanto.
8971606,Re nga shkallët.
8971608,Reforma protestante e sjell Biblën në vulgare
8971609,Nuk shkojnë të ndërtojnë banka në Mbretërinë e Bashkuar?
8971610,Tomi ndryshon mendim shumë herë.
8971611,Nuk mund t'ja lejoj vetes këtë gjë.
8971613,"""Duhet të shkoj vitin e ardhshëm?"" ""Në Qipro."""
8971614,Tomi vuan nga gudulisjet.
8971617,Julia ka shumë trëndafila dhe zambak në kopështin e saj.
8971618,Tomi nuk u dorëzua.
8971620,"Jam mikja e saj, apo jo?"
8971622,Anija kaloi poshtë urës.
8971623,Kjo është ende e gjallë.
8971624,Të thashë që nuk isha e zënë.
8971625,Urrej Marikën.
8971626,Mendoj të ndrishoj furrnizuesin.
8971628,Po shkon të bësh sipërmarrje në Kili?
8971629,Nuk bën diferencë nëse shkoni apo jo.
8971630,është e njëjta gjë nëse shkoni ose jo.
8971632,Tomi ishte një spiun.
8971633,Shihemi më vonë.
8971634,Urime!
8971635,Po të marr nga një celular.
8971636,Po thërras nga celulari.
8971637,Tomi pyeti Maryn disa pyetje të trrasha.
8971639,"""C'farë kombësie ishin kushërirat juaja?"" ""Maleziane'"
8971641,Ndaloni!
8971642,Pushoni!
8971643,Ndërpreni!
8971644,Tomi shpesh nuk ka të drejtë.
8971645,Tomi shpesh ja fut kotë.
8971646,Nuk ka qenë njeri këtu.
8971648,Disa njerëz duket sikur argëtohen duke folur.
8971649,Jam tre vjec më i madh se ti.
8971650,Ju kuptoj.
8971651,Tomi do t'ju takojë nesër në mëngjes.
8971653,E dashura ime quhet Mary.
8971654,Po bëj përparim.
8971655,Po përparoj.
8971658,Nuk ja kam shumë për nder.
8971659,Eshtë një turp që u ndehën.
8971660,Ejani kur të doni.
8971661,Nuk mund ta fajësosh.
8971662,Unë kam nevoj për sheqer.
8971663,Tha se ishte i dëshpëruar.
8971664,Pyes veten pse Tomi kishte kaq frikë.
8971665,Se kuptoj pse Tomi kishte kaq frikë.
8971666,"Atëherë, jeni të gjithë gati për Krishtëlindjet?"
8971667,Ju shoqëroni fëmijët në shkollë.
8971668,Hodhi një gur në liqen.
8971670,Gjuajti një gur në liqen.
8971671,Nuk bëra asgjë.
8971672,S'bëra asgjë.
8971673,Mendonte se dikush i kishte hedhur helm në gjellë.
8971674,Nuk m'u përgjigj kurrë.
8971675,Ti je i vetmi njeri të cilit mund t'i besoj.
8971676,Do një syshkelje?
8971677,Do një shkelje syri?
8971678,Nuk dua që të shikojnë këtë.
8971679,Unë kam dashur gjithmonë ta them.
8971680,Ju keni një nënë?
8971681,Keni një nënë Ju?
8971682,Nuk shkon të ndërtosh banka në Afrikën e Jugut.
8971683,Nuk shkon të ndërtosh dyqane në Liban.
8971684,Thuajini që kam nevojë për pak para.
8971685,Pastronte shtëpinë.
8971686,Nuk mundeshim ta imagjinonim se c'farë Pauli donte të bënte.
8971687,Sapo e lexova
8971688,Është herët!
8971689,Duhet të vije nesër.
8971690,Ajo u ngjyt shkallëve.
8971691,"Pyetja e dytë është jo e drejtpërdrejtë për të bërë pohimin ""nuk është e vërtet""."
8971692,Nuk shkojnë të ndërtojnë banka në Australi?
8971693,Është ai që po të bën konkurrencë.
8971695,Kush do të jetë në mbledhjen e javës së ardhshme?
8971696,"""Ku do të shkojmë vitin e ardhshëm?"" ""Në Algjeri."""
8971698,Kishte shumë njerëz aty.
8971699,Tomi nuk e shikon më Maryn.
8971700,Një organizëm njëqelizon është i ndërtuar nga një qelizë e vetme.
8971702,Unë e ngroha darkën.
8971703,"Të lutem, më trego menunë."
8971704,Mundeni ta çoni në shpi?
8971705,Kush do të punojë të premten mbrëma?
8971706,Kush do të punojë një të premte në mbrëmje?
8971707,Kam qenë i fejuari i parë i nënës tuaj.
8971708,Ha mish?
8971709,Ke programe të tjera?
8971710,Tomi është gjithmonë serioz.
8971711,Nuk shkojnë të ndërtojnë sinagoga në Irlandën e Veriut.
8971712,Ju duhet të jeni shumë krenar për vajzën tuaj.
8971713,Do të doja të pija pak çaj ose kafe.
8971714,Thotë se quhet Tom.
8971715,Thotë se e ka emrin Tom.
8971716,"Mund të kemi pak privacy, ju lutem?"
8971718,Bachu nuk ju thotë asgjë?
8971719,Shumë faleminderit për mikpritjen tuaj sot.
8971720,Tomi është shumë i inatosur me ju.
8971721,Do të shkojnë te pishina publike?
8971722,Kjo nuk ishte etike.
8971723,Tomi nuk ka frikë nga asnjë.
8971724,Mu deshën disa orë për ta riprogramuar.
8971725,Ju nuk më thatë kurrë se ç'farë ishte.
8971726,"Unë thashë: 'Unë do të ngjytem në palmë, dhe do të kapem në degët e saj'."
8971727,Nuk mund të ta jap përgjigjen sot.
8971728,Tomi do që unë të jem e sinqertë.
8971729,Po sikur të dëshiroja të bëja të kundërtën?
8971730,Jetoj te ajo shtëpia aty poshtë.
8971731,Thirrmëni nëse ka ndonjë ndryshim.
8971732,Më duhet një laptop.
8971733,Nuk shkojmë të ndërtojmë varreza në Spanjë.
8971734,I kam borxh jetën atyre.
8971735,Ikim në Islandë?
8971736,Për studime do shkoni në Finlandë?
8971737,Tomi trrashëgoi ndërmarrjen e familjes.
8971738,Bëra diçka që të ofenodi?
8971739,Lexoni shpesh libra në frëngjisht?
8971740,"""Ku do të shkosh pas një muaji?"" ""Në Kampania"""
8971741,Pse disa herë është e vështirë?
8971742,Nuk shkojmë të bëjmë para në Brazil?
8971744,Shpresoj që Tomi të ndjek këshillat tuaja.
8971745,Çekiçi i artë nuk thyen dyert e qiellit.
8971746,I lashë të flinin deri në mesditë.
8971747,E vizitova.
8971748,Është ende i varfër.
8971749,Nuk do shkojmë të ndërtojmë palestra në Zelandën e Re.
8971750,Dua ventilatorin.
8971751,Flet?
8971752,Unë nuk e kam vjedhur portofolin e Tomit. Mund të kontrollosh xhepat e mi.
8971754,"Atëherë, do më thuash kush je?"
8971755,Nuk duhet të ndodhë më.
8971756,Nuk duhet të ndodhë prapë.
8971757,Tomi po argëtohet tani.
8971758,Mos ju fyeva?
8971759,Më duket e mirqënë.
8971760,Ju e rregulloni dhomën e vajzës tuaj çdo ditë.
8971761,Nuk u martova me të.
8971762,Do shkosh të ndërtosh bazat në Turqi.
8971763,Duhet të flisni me Tomin.
8971764,Mund t'ju ndihmojmë tani.
8971765,Ata nuk hanë mish.
8971766,Mua më pëlqen shiu dhe bora.
8971768,Jam këtu për të kërkuar ndjesë.
8971770,Unë jam nomofob.
8971771,Unë kam frikë nga ligji.
8971772,"Edhe mua, kur lexova lajmin, më shkoi ndër mend kjo video."
8971774,"""Pavarsisht aparencës, je një vajzë e shthurrur."" ""Unë nuk jam e shthurrur. Jam një vajzë e pastër dhe e pafajshme."" ""Po, po, si jo"""
8971776,Tomi nuk erdhi sërisht?
8971777,I pashë që hyrën.
8971778,I pashë të hynin.
8971779,Festa do të jetë të djelën.
8971781,Dëgjova që u bëre menazheri i filialit të Sidenit.
8971782,"""Ku do të shkoni javën e ardhshme?"" ""Në Bullgari."""
8971783,Tomi tha që dukesha i emocionuar.
8971784,Nuk dua ti shikoj.
8971785,Tani shkruaj me një font të ri.
8971787,Mos më lër në hije.
8971788,Tomi po dridhej si një gjethe.
8971789,Mund të mbështeteni gjithmonë te Tomi.
8971790,Nuk ka më mirë.
8971792,"Nëse ka trishtim në një zemër, ajo është zemra ime."
8971793,Të gjithë po qeshnin.
8971794,Ju nuk duhet të flisnit me Tomin.
8971795,Mendoni se po humb kohë kotë?
8971796,Kjo lagje është e rrezikshme.
8971798,Dikush do të bëjë keq.
8971799,Folët me të?
8971800,Nuk ha midis vahteve.
8971801,Nuk ha ndërmjet vahteve.
8971802,"Ndër të gjitha zgjidhjeve, do të zgjedhim atë më të mirën."
8971804,Mendoj se do të shkosh për qejf në Danimark.
8971805,Unë nuk do ta bëj një gjë të tillë.
8971806,Nuk shkojmë të ndërtojmë birreri në Egjipt.
8971808,Kam për të qeshur.
8971809,Shpresojmë që nuk do ta bëjë.
8971811,Nuk kam asnjë biçikletë.
8971812,Po shkoni të kërkoni diçka në Meksikë?
8971813,Nuk do të shkoj kurrë!
8971814,Ka njeri që flet anglisht këtu?
8971815,Pres që ai të na ndihmojë.
8971816,Është mesditë. Njerëzit po hanë drekën.
8971817,Asgjë nuk e shqetëson.
8971818,"Ju duhet të përfitoni nga kjo mundësi, sepse ndoshta nuk shfaqet sërisht."
8971819,Shikoni atë ndërtesë. Është tempull?
8971820,Duhet të jesh mëi arsyeshëm.
8971822,Mund ti përdor me ju?
8971823,"Nëse duhet një burrë për të propozuar martesë, i duhet dhënë të hajë mirë."
8971824,Le të fillojnë pushimet!
8971827,"Kam ngritur sende hekuri, por nuk kam gjetur asnjëherë diçka më të rëndë se një borrxh."
8971828,Alfabeti i esperantos ka njëzet e tetë shkronja.
8971829,Abc-ja e esperantos ka njëzet e tetë gërma.
8971830,Jam i bindur që asnjeri nuk e di.
8971831,asnjë nuk e di.
8971833,Tomi nuk është i përfshirë.
8971834,Unë jam e interesuar.
8971836,Tomi luan ende golf?
8971837,Tomi pothuajse u mbyt.
8971838,Nuk më pëlqejnë lojërat fantasy.
8971839,Problemi është se nuk kam një vend ku të fle sonte.
8971840,I thashë që mos të përdorte ato.
8971841,Sapo bëri një dush.
8971842,Pse donin të shkonin në Brazil?
8971843,Unë e pashë Tomin në koncert katër herë.
8971844,Ai tymos një paketë në ditë.
8971845,Ai pinë një paktë në ditë.
8971846,Nuk shkojmë të bëjmë miqësira në Afrikën e Jugut.
8971847,Së shpejti do më vijë radha dhe mua.
8971849,"""Ç'farë kombësie ishin profesorët tuaj?"" ""Serb."""
8971850,Unë jetoj në këtë hotel.
8971851,Unë jetoj te ky hoteli.
8971852,Ma ke thënë më parë.
8971853,Ma ke thënë më herët.
8971855,Është hapur supermarketi sonte?
8971856,Ai kishte nevojë për një pushim.
8971857,Unë nuk kaloj kurrë një ditë pa të menduar.
8971858,Kam nevojë për syzet e mia.
8971859,Një pohim i tillë është së paku me një shije të keqe.
8971860,Ajo që thotë është e vërtetë.
8971862,Po shkoj të ndërtoj ura në Mbretërinë e Bashkuar?
8971864,Tomi dhe Mary do të martohen muajin e ardhshëm.
8971865,Bën të njëjtën gjë me të gjithë?
8971866,Kemi lule shumë të bukura në kopësht.
8971867,"Mirëseerdhe në Wikipedia, enciklopedia e lirë që kushdo mund ta ndryshojë."
8971869,I la shumë para djalit të tij.
8971870,Nuk dua të martohem me Maryn.
8971871,Fiks fare!
8971872,I fitove të gjitha?
8971873,Sot nuk do të kemi shkollë!
8971874,Unë nuk jam katolike.
8971875,E kam fjalën për ngjytësin.
8971876,Edhe unë kështu isha në shkollën e mesme?
8971877,Sivjet Japonia prodhoi me shumë makina se çdo vit tjetër.
8971878,Mbusha 20 vjeç.
8971879,Po shkoj të bëj një vrap.
8971880,Tomi nuk kupton asgjë në frëngjisht.
8971881,Isha shumë i frikësuar.
8971882,Po shkon në kinema?
8971883,Kapte topin.
8971884,Përditësimi i ri funksionon.
8971885,Nuk do t'i pëlqejë shumë kjo.
8971886,E gjeta hotelin të tejmbushur me turistë të huaj.
8971887,Dua të rezervoj një udhëtim për në Belgjikë.
8971888,Kopjoni shprehjet e tij.
8971889,Tha se ishte i habitur.
8971890,Nuk kam lexuar kurrë Dasain.
8971891,Fatkeqësisht janë pikërisht ato shkatërrimi ynë.
8971892,Nuk do të shkoj kurrë në Boston me ty.
8971893,Kam të drejtën ta shoqëroj?
8971894,Nuk shkojnë të ndërtojnë autostrada në Bullgari?
8971895,Ju nuk keni patur frikë nga lartësita.
8971896,Mendoj se nuk do të shkosh për para në Arabinë Saudite.
8971897,po më mërzitni.
8971898,"Më kalo pak sheqerin, të lutem."
8971899,Po na braktisin.
8971900,Unë shpresoj të jetë e mirë.
8971901,Tomi është djali më i lartë i klasës tonë.
8971902,Shko të ndërtosh sinagoga në Kanada.
8971903,Thanë që e urrenin këtë libër.
8971904,Shikoni se ç'farë i ndodhi.
8971905,Ku është akulli?
8971906,Shoku im nuk është meksikan.
8972188,Ne e duam të gjithë.
8972189,"Kush bën zanatin e dikujt tjetër, s'e bën mirë."
8972190,Më pëlqeu pak.
8972191,Nuk më pëlqeu shumë.
8972192,Të gjithë e gjejnë veten te romanet realist.
8972193,Shkojmë të ndërtojmë thertore në Norvegji?
8972194,Dëshiron të luash ende golf?
8972195,Thatë që emri juaj është Tom.
8972196,Provo këtë salcën.
8972197,Unë isha hapur.
8972198,Nuk shkon të ndërtojë banka në Bullgari?
8972199,Na gënjeu të gjithave.
8972200,Thuaji Tomit që do të jem gati.
8972201,Ata dinë të flasin spanjishten.
8972202,Shkojnë të ndërtojnë tempuj në Arabinë Saudite?
8972203,Jam pa fjalë.
8972204,Ato duan të bëhen të famshme.
8972205,Nuk kam qenë kurrë shumë i hapur.
8972206,"""Ku do të shkojmë nesër?"" ""Në Qipro."""
8972207,"""Të ç'farë kombësie janë profesorët tuaj?"" ""Polak"""
8972208,Punon fortë për të mbajtur familjen.
8972209,Kjo shprehje është në spanjisht kur nuk shikon.
8972213,Jemi mësuar me gjithçka.
8972222,Shkoni të ndërtoni ferma në Liban.
8972223,Tomi nuk do të më gënjente kurrë.
8972224,Mendoj se nuk do të shkosh për qejf ne Belgjikë.
8972225,Nuk ju them hollësitë.
8972226,Nuk kam qenë kurrë i mirë në frëngjisht.
8972227,Ç'farë doni t'ju sjellë babagjyshi i Vitit të ri për krishtlindje?
8972228,"Fatkeqësisht, një miku im u vetëvra për shkak të një depresioni të fortë."
8972229,"""Të cilës kombësi ishin mësueset e tua?"" ""Gjermane."""
8972230,Kemi analizuar përfundimet.
8972231,"""Të cilës kombësie jan""Të cilës kombësi ishin mësueset e tua?"" ""Gjermane."" profesoreshat e tua?"" ""Gjermane."""
8972232,"Të lutem, ji i sinqertë me mua."
8972233,Nuk jemi të ndarë.
8972234,Do të shkoni të jepni mësim në Ukrainë?
8972235,Keni parë shumë nga bota.
8972236,Ju u zgjodhët mbretëresha e ballos.
8972237,Tomi nuk e di që Mary është kanadeze.
8972238,Larja e dhëmbëve ndihmon për t'u paraprirë karieve.
8973014,E mban mend ç'farë dite ishte?
8973016,Po shkon të ndërtosh xhami në Japoni?
8973017,Do ja çoj asaj.
8973020,Fillon në gjashtë e gjysëm.
8973021,Ku është shoku jot?
8973022,Përse jeni të prirura ta bëni?
8973024,Ata shkruani.
8973028,Tomi është qesharak.
8973029,Unë nuk do ti kërkoj para Tomit.
8973030,Ajo shtëpi të përket.
8973031,Dua që ajo të qëndrojë këtu.
8973032,Nuk besoj se Tomi është vrasës.
8973034,Më tha që ishte tridhjet vjeç.
8973035,"Ajo nuk e di gjermanishten, apo jo?"
8973037,Tomi nuk gjeti asgjë të gabuar.
8973039,Flas më mirë frëngjishten se anglishten.
8973041,Pse nuk qetësohesh pak?
8973042,Na bëni të ëndërrojmë!
8973043,Mendoja se Tomi nuk do ti dinte përgjigjet.
8973045,Do Zoti!
8973046,Ishalla!
8973047,Makar!
8973048,Më duket se një energji e tëmerrshme trondit regullin e universit.
8973050,"Ju jeni më i shpejtë se unë, apo jo?"
8973055,Ti e dije që isha e martuar.
8973057,Nuk jemi të kujdesshëm.
8973058,"Kush të pëlqen më shumë, Akiko apo Sachiko?"
8973059,Nuk mund të tymos më brenda.
8973060,Sa mirë e njihnit?
8973061,Ai as që më dëgjon.
8973062,E dinin të gjithë!
8973064,Mora mesazhin e saktë sot në mëngjes.
8973065,Nuk janë të dobëta si ishin dikur.
8973066,Nuk arrij të humb peshë.
8973067,Të enjten do bëjmë matematikë?
8973068,Mbreti u rrethua nga terroristë.
8973069,Do ta pranoja.
8973070,Ke qenë ndonjëherë në Tokyo?
8973072,Kjo shtëpi është e famshme.
8973073,Pastroni dritaret.
8973074,Keni kaluar kohë me Marien.
8973076,Ha shumë peshk.
8973077,E urrej motin këtu.
8973078,Njeh ndonjë restorant të mirë këtu?
8973081,Do shkosh të ndërtosh shtëpi në Meksikë?
8973082,Do të shkoj të ndërtoj sinagoga në Siri.
8973083,Nuk e bërëm javën e kaluar.
8973084,Nuk dua ta shfytyroj skuadrën time.
8973085,Marika është një personazh i rremë.
8973086,Është vëllai im i madh.
8973087,Adhuroj të rezervoj udhëtimet.
8973088,Shko të ndërtosh arena në Japoni.
8973089,Ata u kthyen për të parë Tomin.
8973090,Doni të shkoni në Kanada?
8973091,Më premto që nuk do ta bësh kurrë atë fund?
8973092,Di ti jap makinës.
8973093,Di të vozit.
8973094,Do t'ja themi nesër Tomit.
8973095,Më jep një minutë.
8973096,Pse ishe në Boston?
8973098,Shoku im i ngusht nuk është indonezian?
8973099,Mund ti thërrasim tani?
8973100,"""Të ç'farë kombësie ishin kushërirat e tyre?"" ""Lituaneze."""
8973101,Duhet thjesht të studioni fortë.
8973102,Unë kam shumë detyra sot.
8973103,Tomi nuk dëshironte të njihte asnjë.
8973104,Ky film për fëmijë është i frikshëm.
8973105,Nuk mund të jetoj më kështu.
8973107,Atij i pëlqen dhe sporti përveç muzikës.
8973108,Unë do të doja që të ndodhte diçka e bukur.
8973109,"""Të ç'farë kombësie janë doktorrat tuaj?"" ""Bullgarë"""
8973110,Po mëson dhe gjuhët e huaja?
8973111,Tomi foli me Maryn.
8973112,Unë nuk mundem sepse jam në det!
8973113,Do të më mungoni të gjithë shumë.
8973114,Më ngrohu darkën.
8973115,Nuk shkojmë të ndërtojmë mausole në Rusi.
8973116,Unë kam kohë që nuk e shikoj.
8973117,Unë mendoj se studentët e mi janë thjeshtë më të mirët.
8973118,Është detyra juaj ta bëni.
8973119,Ditët po fillojnë të zvogëlohen.
8973121,Dukeshe e çuditur.
8973122,Po provonim ta mbanim të fshehtë.
8973123,Unë kam nevojë për më shumë hollësira.
8973124,Tomi së shpejti do të martohet.
8973126,Tomi e di pse Mary nuk do të vijë me ne në Boston?
8973127,Unë e urrej qumështin.
8973128,E di që duhet të jetë i urritut.
8973129,Ti ke shoqe të mira.
8973130,Ti e përdor Tatoeba kur përkthen?
8973131,Të lutem hiqe atë karrigen sepse është nëpër këmbë.
9004958,"Jam shumë mirë, faleminderit. po juve si jeni?"
9004959,Kjo është Julia.
9004962,Si je ti?
9004963,Unë flas disa gjuhë të huaja.
9004964,Mund të më quani Bob.
9004966,Çfarë gjuhësh të huaja flisni?
9004971,"Unë flas greqisht, po ju?"
9004995,A flisni kinezisht?
9004997,A flisni shqip?
9004999,Jam nga Portugalia.
9005001,Cili është pseudonimi juaj?
9005003,Pseudonimi im është Tom.
9017421,Sami ishte në shtëpi me familjen e tij.
9017423,Pse jeni kaq të sigurta që Tomi gabon?
9017424,Rrrëfemë historinë e plotë.
9017425,Më rrëfe historinë e plotë.
9017426,Nuk u mundua as ta ndihmone.
9017428,Mary po lag flokët.
9017429,Jam këtu për të luar baseball.
9017430,Koreografia është e thjeshtë.
9017432,Brezi im janë bijtë e luftës.
9017433,Betohem që dje pash Superman-in.
9017436,Kjo është për ty Tom.
9017438,Nuk mundem të kërcej.
9017439,Askush nuk e dinte.
9017440,Të gjithë e dinin.
9017442,Dua të ndehem.
9017444,Ajo është produktive.
9017447,Ndahen në grupe me pesë persona secili.
9017451,Të nxjerr salçiçen?
9017459,Dua një shtëpi që të ketë të paktën një kullë.
9017462,Vazhdojmë me diskutimin.
9017470,Unë nuk kam patur kurrë rastin të njoh Tom-in.
9017474,Ju jeni pothuajse të vdekur.
9017476,Mos harro të falenderosh Tom-in për dhuratën.
9017480,Ka kaluar shumë nga hera e funit që kam parë Tom-in kaq të lumtur.
9017490,"Ç'do ditë e kaluar me ty, bëhet dita e re më e mirë e jetës sime."
9017492,Pse na pushoi nga puna?
9017496,Më duket se ju jeni të ndershëm.
9017498,Nuk e kam pasaportën kamerunese.
9017501,Tomi dëshironte që të gjithë të shkonin në shtëpi.
9017509,"""Të ç'farë kombësie ishin mësuesit e tuaj?"" ""Suedez."""
9017512,Shpresoj që ti të jesh mirë.
9017516,Ti je mirë.
9017518,Dua të kem kohë për një të dashur.
9017523,Ne nuk mund ta lejojmë më vetes.
9017525,Duan Tom-in.
9017528,Shoku im nuk është palestinez.
9017536,"Hajdutët ikën, pavarësisht një shkëmbimi të shkurtër zjarri me një polic."
9017537,Po shkon të ndërtosh xhami në Irlandë?
9017552,Nuk shkojmë!
9017558,Ke një çelës rezervë?
9017560,Jeni materialist.
9017563,Do flasim me të të hënën.
9017569,Parisi është qyteti më i bukur i botës.
9017573,Tomi u gjet i vdekur në garazhin e tij.
9017576,Cilat janë kompetencat tuaja në këtë fushë?
9017582,Cilat janë aftësitë tuaja në këtë lëmë?
9017584,Kujt ja the?
9017590,Treni nuk ndaloi por vazhdoi rrugën e tij.
9017624,Tomi preu pemën me një spatë.
9017646,Presidenti ishte gati për të përballuar koston.
9017658,Tomi do të ishte kaq krenar për të.
9017660,Tomi do ishte shumë krenar për të.
9017661,Ndërvepron gjithmonë me publikun.
9017662,Do të shkoj të ndërtoj arena në Finlandë.
9017663,Nuk do të shkoj të ndërtoj bibloteka në Shtetet e Bashkuara.
9017670,Heqja e metaforës është e pakëshillueshme në një tekst letrar dhe pjesërisht e saktë në një tekst informues.
9017679,Kishte një zë të mprehtë e të pakëndshëm.
9017682,Është pak xheloze.
9017683,U vesh si grua.
9017685,Je e sigurt që Tomi mund ti shërbejë vetë vetes?
9017687,Kemi një përgjegjësi morale për të vepruar.
9017692,Ajo bëri pesë gabime në po aq rrjeshta.
9017694,Do ta lexosh këtë libër sonte?
9017696,Esperantoja është një gjuhë e bukur!
9017698,Tomi mban ende syzet?
9017699,Jam vetëm këtu?
9017701,Nuk kemi qenë kurrë të pavend.
9017702,Njëherë pothuajse u mbyta me një kikirik.
9017703,Po shkohet drejtë diktaturës?
9017705,"Është kurajoze, apo jo?"
9017710,Ka dikush tjetër që e pa përveç Xhim-it?
9017712,Kam pasaportën ganeze.
9017714,Nuk do të ftohemi.
9017717,Nuk do të marrim të ftohtë.
9017721,Në fakt e gjuajtën.
9017725,Patenta ime skadon javën tjetër.
9017729,"Tomi është shumë me fat, apo jo?"
9017730,"Tomi është fatlum, saktë?"
9017737,Është jo probabël që Tomi të presë.
9017741,Kjo rrugicë është e akullt.
9017743,"Nuk është shumë i edukuar, apo jo?"
9017752,Është libri jonë i gjuhës shqipe.
9017758,"""Të ç'farë kombësie ishin kushërinjjtë tuaj"" ""Anglez"""
9017760,Nuk i konservoj.
9017762,Nuk i vë mënjanë.
9017764,Dini të përdorni kompjuterin?
9017765,Nuk shkon të ndërtosh baza ushtarake në Vietnam.
9017766,Tashmë është në tavolinën e tij.
9017767,Duket se është me nxitim.
9017769,Do të punësojmë një njeri që di të flasë anglishten.
9017771,Unë mendoj se vjan nga Italia.
9017774,Sa para ka?
9017775,Ne do të jemi shok të mirë deri në vdekje.
9017781,Do të shkosh të japësh mësim të diçkaje në Greqi?
9017782,Nuk do të shkoj të ndërtoj spitale në Zelandën e Re.
9017783,Ajo është e huaj dhe nuk kupton rusishten.
9017787,Do të ishe budalla nëse do t'i besoje asaj.
9017790,Mos e ripërdorni.
9017793,Do të shkoni të ndërtoni spitale në Angli?
9017801,"""Të ç'farë kombësie ishin nxënëset tona?"" ""Zvicera"""
9017802,Gjithçka që thashë është e vërtetë.
9017805,Këshillat e sajë janë tërësisht të pavlerë.
9017807,Asnjë nuk do të zihet.
9017808,Do të shkosh japësh mësim në Niger?
9017810,Nuk do të shkosh të ndërtosh spitale në Kinë.
9017811,"Atëherë, fuqia nuk të mjafton?"
9017812,Makina ka një motorr të ri.
9017813,Nuk ja dalin dot.
9017814,Do të shkoni të ndërtoni spitale në Pakistan?
9017815,"""Të ç'farë kombësie ishin nxënëset e tyre?"" ""Irlandezë"""
9017819,Pse këto gjëra të ndodhin gjithmonë ty?
9017820,Unë duhet të pres Tomin?
9017822,"""Të ç'farë kombësie ishin shoqet e sajë?"" ""Spanjolle"""
9017823,Tomi nuk ndaloi në një barnatore për të marrë barnat.
9017825,U nise tashmë.
9017827,Por jeta është e vështirë.
9017828,Nuk është një histori e shëmtuar.
9017831,Duket si mbulesa e një disku.
9017832,Duket si kopertina e një disku.
9017835,Nuk keni një botim më të lirë?
9017848,"Të lutem, babush, trajtoje me dashuri. Nuk arrij të shpjegoj deri në ç'farë pike ka rëndësi miqësia e tij për mua."
9017850,Kjo ndërtesë është e antike.
9017853,Drejtohu nga lindja.
9017854,Do të doja të isha i zgjuar si ju.
9017855,Do të doja të shkoja të flija.
9017856,Tomi nuk e njeh emrin tim.
9017857,Erdhëm!
9017858,Mbërritëm!
9017860,Mendoj se nuk do të shkojnë për pushime në Qipro.
9017862,"""Të ç'farë kombësie janë kushërinjtë tanë?"" ""Kokumbiane"""
9017864,Nuk e ke vizituar kurrë Arabinë Saudite?
9017865,Nuk ke qenë kurrë në Arabinë Saudite?
9017866,I pëlqente devotshmëria ime.
9017867,Edhe unë kam nevojë për ndihmë.
9017868,Unë kam parë dy vajza të puthen.
9017869,Pashë dy goca duke u puthur.
9017875,Më djeg gjuha sepse salca ishte pikante.
9017876,Frëngjishtja evoluoi nga latinishtja.
9017879,Nuk mund të aplikoni këtë teori në këtë rast.
9017880,Ra nga shkallët.
9017881,A di ndonjë sesi do ti komunikojë përfundimet.
9017883,E di dikush sesi do ti shprehë përfundimet.
9017884,Nuk po kërkoja punë.
9017885,Në vendin tuaj ka ujëvara?
9017887,Ka ujëvara në vendin tuaj?
9017889,Sa shumë kohë!
9017891,"""Të ç'farë kombësie janë gjyshet e sajë?"" ""Serbe"""
9017893,Ç'farë bleve tjetër?
9017894,Po shkon të ndërtojë mausolera në Greqi.
9017898,Qeni i Tomit derdhi jargët në jastëk.
9017899,Ajo është gjithçka për mua.
9017900,Tomi e la familjen e tij.
9017901,Tha që ishte me të vërtetë e palumtur.
9017902,Më pëlqejnë shumë gjokset e tua.
9017903,Kjo është një ëndërr e bukur.
9017904,Ne jemi të mallëngjyera të kemi student të kendos të huaj në Osaka.
9017905,Po ku i merr?
9017906,Nuk kam nevojë të shkoj asgjëkundi sot.
9017907,Shiko atë!
9017909,Tomi dhe Mary po bëhen shok të mirë.
9017910,Rritja e këtij fëmije është normale për moshën e tij.
9017911,Tomi mendonte se ishte një maçok.
9017913,Nuk i administroj.
9017914,Tomi është më i zgjuar se ju?
9017915,Tomi është më inteligjent se ju?
9017917,"""Të ç'farë kombësie janë fqinjët e tyre?"" ""Etipoas"""
9017918,Jemi të vetmet kanadeze këtu.
9017919,Urime kushëririt më të bukur në botë!
9017921,Kjo frutë nuk ka një shije të mirë.
9017968,Nuk do ta përqafojë.
9017970,"""Vërtetë?"" ""Po, vërtetë"""
9017973,Ç'farë i kërkove?
9017975,Është përgjegjësia jote.
9017976,U pranuan nga shkolla.
9017977,Ky është një vend i mirë për të bërë kapmin.
9017979,Po shkoj të ndërtoj spitale në Kili.
9017980,Prit se po fillon ndeshja.
9017981,Ai mbërriti te stacioni.
9017982,Tomi iku mbi klait të tij.
9017984,Ai e flet anglishten rrjedhshëm.
9017986,Do t'jua thonit nga ana ime?
9017988,Nuk do të përfundojë mirë.
9017990,Kjo është më e madhe.
9017993,Ajo kapele i rri mirë.
9017995,Unë jam njëqind për qind dakord.
9017997,Pse nuk lëviz ende?
9017999,Po shkojnë të ndërtojnë birreri në Somali.
9018000,Nuk e kam bërë ende.
9018004,Ai ka lëkurën dhe flokët të hapura.
9018006,Ajo është e çuditshme.
9018008,Duhet të pyesni atë.
9018011,Nuk mendoj se Tomi dhe Maary janë të pafajshëm.
9018014,Unë do shkruaj një letër Xhudit.
9018017,Duhe të shkosh në shtëpi menjëherë.
9018019,Vazhdojnë të flasin për të.
9018022,Je jemi optimiste të kujdesshme.
9018025,Ka patur shumë ankesa ditët e fundit rreth sasisë së zhurmës së ardhur nga apartamenti jot.
9018027,"""Të ç'farë kombësie janë doktorreshat e tua?"" ""Vietnameze"""
9018028,Jam mërzitur me shkollën.
9018029,Më ka ardhur në majë të hundës shkolla.
9018031,Do të doja të porositja një pica.
9018033,Nuk do shkojnë të kërkojnë dikë në Francë.
9018034,Rri i qetë!
9018035,Do të shkojnë të punojnë në Francë?
9018040,E gjetë në ndonjë mbeturinore?
9018041,Vazhdoi bashkëpunimin me gazetat më të rëndësishme italiane në 1974.
9018042,Nuk shkon të ndërtosh mbarshtrimore në Mbretërinë e Bashkuar?
9018043,E di se ç'farë po bëni.
9018046,Ne nuk e marrim parasysh.
9018048,Ne po e injorojmë.
9018050,Unë nuk i kam adhuruar idhujt.
9018051,Nuk do shkojnë të mësojnë diçka në Siri.
9018053,Tomi ishte jashtë qytetit javë e shkuar.
9018058,Si ishte mbrëmja e sajë?
9018060,Ai magjistar është iluzionist.
9018061,"Një scotch e ujë tjetër, të lutem."
9018062,Mund të jenë në gjendje të më ndihmojnë.
9018063,Nuk do të shkosh të ndërtosh palestra në Finlandë.
9018064,Gjendja po më shqetëson shumë.
9018067,Po shkoj të ndërtoj stadiume në Estoni.
9018069,Burri që po më përshëndet është xhaxhai im.
9018070,E dashura ime është shtatzënë dhe do ta mbajë fëmijën.
9018071,Nuk e kam vjedhur portofolin e Tomit. Mund të më kontrollosh xhepat.
9018072,Nuk besojmë në ekzistencën e Zotit.
9018074,Tomi dh Mary duken pak të pa kthjellët.
9018076,Tha që do të duhej ta bënte.
9018078,Fushata zgjedhore pati sukses dhe ajo fitoi zgjedhjet.
9018079,Nuk duhet të flasë?
9018081,Të thirra sepse kam nevojë për një nder.
9018082,Vihu në radhë si gjithë të tjerët!
9018084,Mbaroi këtu.
9018085,Kam probleme të mëdha.
9018086,Ajo u vra në betejë.
9018087,Po shkon të japësh mësim në Zelandën e Re?
9018089,Lamtumirë dymijë e gjashtëmbëdhjetës.
9018091,"""Të ç'farë kombësie janë studentet tuaja?"" ""Suedeze"""
9018094,Edhe ti je natyrist?
9018098,Fadili duhet të ketë dëgjuar diçka.
9018102,Do të shkoj të ndërtoj arena në Greqi?
9018104,Po shkoj të ndërtoj fushëlojëra në Greqi?
9018109,E kuptova që isha i bllokuar në këtë cepin e humbur për kohë të gjatë.
9018113,Kuptova që isha i bllokuar te ky këndi i humbur për shumë kohë.
9018115,Sa kushtojnë dardhat?
9018116,Ata që e njohin e vlerësojnë.
9018118,"""Të ç'farë kombësie janë vëllezërit tanë"" ""Spanjollë"""
9018120,Lajmërohet gjithmonë e më shkatërrimtar?
9018121,Nuk luaj vidjolojëra.
9018122,Mos e bëj të mbarojë.
9018123,Nuk bëj pothuajse kurrë gabime.
9018125,Ajo ka një album me foto të bukura që të heqin frymëmarrjen.
9018126,Isha xheloz për vëllain tim.
9018129,"Gëzimi është guri filozofal, që shëndërron gjithçka që prek në ar."
9018132,Ju jam borxh për mirësjellshmërinë tuaj.
9018134,Ju jam në borxh për xhentilecën tuaj.
9018137,Ç'farë të ofrojnë në zyrën e punësimit?
9018141,"""Ku do të shkoni për punë?"" ""Në Maqedoni."""
9018145,"Jo, nuk kam qenë kurrë."
9018148,Nuk shihet kurrë mbrapa.
9018152,Shkoi gjithçka keq.
9018155,Do të doja një kupë me akullore.
9018156,Je i sigurt që nuk ke harruar gjë?
9018158,Kanë pasaportën zvicerjane.
9018160,Gjuha është bota në të cilën jetojnë njerëzit.
9018162,Nuk jam mësuar më një trajtim të tillë.
9018163,Unë jam e qëndrës.
9018165,Nuk jam e vetmja që mendon se Tomi nuk është një djalë i i mirë.
9018166,Më jepni ju lutem përgjigje për pyetjet.
9018171,"""Do ti bësh detyrat e shtëpisë pas darkës?"" - ""Po do i bëj."""
9018173,"The që nuk do të flisnim për Tomin, apo jo?"
9018175,Bëj kujdes me atë gjë.
9018176,Tomi nuk kishte për të bërë asgjë.
9018177,Nuk mund ta kishte më gabim se kaq.
9018183,Kishte gjëra për të provuar.
9018185,Kishte çikërrima.
9018188,Kam diçka shumë të rëndësishme për të të thënë.
9018190,Ekuipazhit ju desh ta linte anijen që po fundosej.
9018192,Shko ndërto stadiume në Belgjikë.
9018197,Arrij të fle shumë më mirë tani.
9018198,"Nuk kemi më liri për asgjë, tashmë."
9018200,"Sapo të mbërrish, telefono."
9018202,Disa lule çelin në pranverë e të tjerë në vjeshtë.
9018204,Unë punoj vetëm.
9018205,Nuk provova ta vrisja.
9018206,Ke bërë një rezervim?
9018207,Ndërtoja shtëpi druri.
9018209,Me vërtet po më kërcënoje?
9018210,Nuk mund të të them asgjë.
9018213,Nuk i kam rezervuar ende fluturimet e mia për në Gjermani.
9018215,Nuk do të shkoni të ndërtoni kjoska në Egjipt?
9018217,Shikoj një lule të rrallë në saksi.
9018220,Ç'ka që s'shkon?
9018221,Nuk shkojmë të japim mësim për diçka në Portugali?
9018222,Nuk do ta kem nevojë.
9018224,Tomi zakonisht nuk pi kafe.
9018225,Ndërtoni shtëpi druri.
9018226,Nuk ke bërë gabime?
9018227,Një erë vjeshtërore fillojë të frinte.
9018229,Duhet t'ja thuash menjëherë.
9018230,Nuk shkoni të ndërtoni kjoska në Brazil?
9018234,Mjekët i thanë Tomit se Mary nuk kishte shumë për të jetuar.
9018237,Di që nesër benzinëshitësit janë në grevë.
9018245,Nuk shkojmë të japim mësim në Austri?
9018247,"Siç thashë, kemi një problem."
9018250,Pagova dyqind dollar taksa.
9018251,Nuk është fajtor për vrasje.
9018252,Dikur isha si ajo.
9018254,Ishit me të vërtetë e dobishme.
9018255,Kemi vendosur ta punësojmë.
9018257,Jam gati për të porositur.
9018261,"Nëse kanë parë që kishte mashtrime, është e drejtë të denoncojnë!"
9018265,Puna ime e re fillon të hënën.
9018266,Nuk shkojmë të mësojmë diçka në Skoci.
9018268,Mos më gjyko.
9018271,Tomi sapo mori një promovim.
9018272,Po thërras Salvuccion me telefonin e Xhulias.
9018273,Unë ndihmoj nënën time për të gatuar ushqimin.
9018276,Fajet e të tjerëve ti marri kush e ka për detyrë.
9018280,"""Të ç'farë kombësie janë nënat tona?"" ""Estoneze."""
9018281,Mua më mugojnë drekat tona.
9018282,Nuk shkojmë me pushime në Amerikë.
9018284,Nuk është një problem i imi. Është i sajë.
9018289,Tomi më tha që po e bëja të humbte kohë.
9018290,Tomi më tha se po i harrxhoja kohën.
9018293,Tomi është i vetmi njeri që mund të më ndihmojë.
9018296,Tomi është i vetmi person që mund të më ndihmojë.
9018298,Është e vështirë për të rekuperuar?
9018299,Nuk shkon të ndërtojë restorante në Japoni?
9018300,Është libri jonë i gramatikës.
9018304,Tomi përshpëriti.
9018305,Është me të vërtetë me fat.
9018306,Atij nuk i intereson asgjë.
9018307,Duket se Tatoeba punon prapë mirë.
9018311,"Dy vite më parë, studiova anglishten në Angli."
9018314,Keni ndërtuar ndonjëherë ndonjë shtëpi?
9018315,Mos shko aty jashtë.
9018316,"""Të ç'farë komësie ishin mësuesit e tyre?"" ""Maqedonas."""
9018319,Një njeri pa besim është i frikshëm.
9018321,Ky vend është është ndryshe.
9018322,Mi solli.
9018323,Do të shkoni për pushime ne Siri?
9018324,"Nëse nuk e bën për mua, bëje për atë."
9018325,Ti po mashtron.
9018326,Nuk besoj se mund ta bëjmë.
9018327,E pashë në restorant.
9018328,Kam banuar edhe në Boston.
9018329,Nuk duam asgjë të ftohtë për të pirë.
9018330,Mos e prit hundën.
9018331,Nuk ka ujë të pijshëm.
9018332,Shkova në kopshtin zoologjik.
9018334,"""Ku do të shkojmë për pushime?"" ""Në Finlandë."""
9018335,Nuk jam një ekspert në financë.
9018336,Bëri këtë.
9018338,Më tha për punën e tij të re.
9018339,Më duket se po shikoj shumë anije.
9018340,Unë jam një bojaxhi.
9018341,I gjojta.
9018343,E qëllova.
9018344,E premtuat.
9018346,Tomit nuk i besohej ajo që tha Mary.
9018347,E di ç'farë të bësh.
9018348,Nuk dua të ulem pranë tyre.
9018349,Unë zakonisht nuk bëj pyetje.
9018350,Do të jem shumë mirënjohës nëse do të merrje një pjesë të punës.
9018351,Ajo e respektonte motrën e sajë.
9018352,Piva dhe pikën e fundit.
9018358,Ju po më fshihni diçka.
9018359,Tom argëtohu.
9018361,Nuk shkojmë të punojmë në Pakistan.
9018362,Ndjen ndonjë tip dhembje?
9018370,Nuk kam dëshirë të gatuaj.
9018371,Pse je kaq i fortë?
9018372,Unë studioj fizikë.
9018373,Cilat janë parashikimet e motit për nesër?
9018374,Ç'farë kënaqësi!
9018375,Ajo do të bëjë për vete.
9018376,Jeni ende të inatosura me të?
9018378,Tomi nuk është i përshtatshëm për punën.
9018379,Vozitnim gjithë ditën.
9018380,Ç'farë lule shikoni?
9018382,Nuk kam ardhur këtu për atë arsye.
9018383,Ushtria përparoi drejtë armikut.
9018384,Veshja është absolutisht e mrekullueshme.
9018385,Ai këmbënguli për të lojtur një tjetër ndeshje.
9018386,Nuk isha gatshëm ta bisedoja këtë problem me cilindo.
9018387,Fituam medaljen e bronxtë.
9018388,Vlerësoj mendimin.
9018390,Mosmarrëveshjet ndërkombëtare duhet të zgjidhen në një klimë të qetë.
9018392,Po më bën të nervozohem.
9018395,Tomi më tha që e bëri.
9018402,Unë jam më i zgjuar sa ata.
9018405,Tomi nuk është më i vjetër se Mary
9018406,Ai vazhdonte të më fiksonte.
9018416,"Personalisht, nuk më pëlqen."
9018417,Truri është një organ shumë kompleks.
9018421,Nëse nuk do të më kishit shpëtuar do të isha mbytur.
9018422,Asaj i pëlqen të shkojë të kërcejë me miqtë e sajë.
9018424,Ne e kemi bërë tashmë.
9018425,Ju keni një pamje më të keqe se ai.
9018428,Besoj se Tomi është i pandjeshëm.
9018431,"E njjihni Maryn, apo jo?"
9018441,Askush nuk mund të thotë se ç'farë do të ndodhë në të ardhmen.
9018443,Tomi duket i keq.
9018445,Unë ndihem i çliruar.
9018447,Ku i turpërove?
9018448,Jam një fans i madh i Getter Jaanit.
9018449,"Argëtohuni, goca!"
9018451,Të isha si ju do të filloja menjëherë.
9018452,Pse nuk dëshiron të shkosh në Ukrainë?
9018453,Dyshoj se historia e tij është e vërtetë.
9018454,Nuk do të marrësh pjesë në varrimin e tij.
9018456,Mirë se erdhe në Kinë.
9018458,E keni vizituar Italinë?
9018459,Nuk dua t'ju shqetësoj.
9018460,Tomi nuk dohet ta bënte?
9018461,Nuk e ke vizituar Poloninë.
9018462,Nuk do të shkojmë të ndërtojmë spitale në Mbretërinë e Bashkuar.
9018464,Kultivo kastravec dhe përdore mirë.
9018466,Nuk shkon të ndërtosh thertore në Estoni.
9018472,Jam ende i dashuruar me ju.
9018473,Na premtoi punë dhe para.
9018477,Po e marr si një shenjë shprese.
9018478,Nuk e kam marrë kurrë seriozisht.
9018480,Nuk mundem të ta jap përgjigjen.
9018484,Dukeni të shqetësuar.
9018485,Keni një qen?
9018487,Mendoj se tashmë e din të gjithë.
9018490,Gramatika e frëngjishtes nuk është e thjeshtë.
9018491,Ç'farë të shqetëson?
9018495,Do të jesh e ndershme.
9018499,Nuk jam shumë e zënë me punë.
9018501,Do vish me mua?
9018504,Jam konfuz.
9018506,E bëri për ne.
9018507,Shkojmë të kërkojmë diçka në Bangladesh.
9018509,Do të donin të rezervonin një udhëtim për në Finlandë.
9018510,Tomi nuk duhet të kishte blerë atë që bleu.
9018511,Shkolla jonë fillon në 7:15.
9018512,Më bëri një fustan.
9018513,Unë ja thashë që Tomi ishte gati.
9018532,Mua nuk më pëlqejnë gënjeshtarët.
9018536,Gruaja ime e kishte parashikuar që sot do bënte kohë e keqe.
9018537,Duhet ta bëjë.
9018539,Ç'do dru ka tymin e tij.
9018540,Duan të rezervojnë një udhëtim për Danimarkë.
9018543,Nuk ju them se ku është Tomi.
9018551,E çojmë edhe në Mantova.
9018553,Unë e dija që po talleshe.
9018556,Do ikim?
9018557,Nuk do ti them asnjërit për ty.
9018560,Ç'farë e tremb më shumë?
9018561,"Juve ju pëlqejnë vajzat, apo jo?"
9018562,Thjeshtë doja të më linit të qetë.
9018565,Kam dëgjuar të thonë që është e varrosur nën gjithë atë borë.
9018570,"E bën dot, apo jo?"
9018572,Hiqi duart.
9018574,Në dashuri ka vetëm fillime.
9018579,Mund ta thërrasim tani?
9018581,Është një vepër e mrekullueshme!
9018582,Yt at të do.
9018585,"Jam habitur të njoh fjalën ""habitur."""
9018589,Parapëlqej të vdes sesa të martohem me të!
9018591,Unë nuk mendoj se Tomi ishte i turpëruar.
9018594,Tomi më tha që nuk i pëlqen të luaj shah.
9018597,Unë nuk do të komentoj asgjë në lidhje me këtë.
9018599,E di ç'a risi!
9018601,Ai më shoqërio deri tek restoranit.
9018604,Duhet të përgjigjesh me ndershmëri.
9018607,Për punë shkon në Irlandën e Veriut.
9018610,Shkoi në Afrikë për të parë kafshët e egra.
9018614,Do shihemi nesër në biblotekë.
9018617,Linda ka për të të vrarë.
9018619,Nuk shkon të punosh në Estoni.
9018620,Frëngjishtja është e vetmja gjuhë në të cilën jam i aftë.
9018622,Edhe unë e kuptova.
9018623,Filluan pushimet.
9018624,Nuk hanë mish.
9018627,Asgjë nuk duket se ka ndryshuar.
9018629,Sipas meje kjo është fyese.
9018635,Me esperanton mund të komunikosh në mënyrë të barabartë me njerëz nga vende të tjera.
9018638,"Me një fjalë, lodhet nga gjithçka."
9018640,Kjo është nëna e të gjithave të këqijave.
9018644,"Mos të harrojmë, gjithsesi se këto shifra marrin parasysh vetëm dhunën e denoncuar."
9018647,"Tomi ka afërsisht moshën tuaj, apo jo?"
9018649,Sapo mora një rritje page.
9018655,Kush j'ua dha?
9018657,Vëllai i tij shikon vazhdimisht televizorin.
9018658,Tomi më kërkoi të ndihmoja Maryn.
9018664,Nuk mund ta bëj këtë pa të.
9018669,"""Të ç'farë kombësie ishim shokët e tyre?"" ""Shqiptare"""
9018670,Mos vraponi këtu.
9018671,Mjaft duke me shkelmuar.
9018674,Që atëherë nuk e kemi parë më.
9018675,Disa fëmijë notojnë në lumë.
9018678,Nuk jam ndonjë fans i madh i curryt.
9018680,Nuk shkon të bësh para në Suedi?
9018683,Tomi u ankua për pagesën e tij.
9018684,Si mendon ta bësh?
9018687,Për ç'farë jeni të shqetësuar?
9018689,Nuk mora asnjë masë mbrojtëse.
9018690,Shko ndërto mausolera në Ugandë.
9018691,Ishte pyetja jote?
9018693,Marika i shkroi letra në finlandisht?
9018694,Kush të tha ta shkruaje proçesverbalin me stilolapin ngjyrë rozë.
9018696,Je e sigurt që dëshiron të vazhdosh të bësh këtë?
9018697,Unë po shkoj me të.
9018699,Shoku im nuk ishte portugez?
9018700,"Të lutem, prit tridhjet minuta."
9018701,"Nuk është shumë e bezdisshme, apo jo?"
9018706,"Është shumë i paedukatë, apo jo?"
9018709,Nuk arrija ta mbaja inatin tim.
9018711,Tomi derdhi qumësht mbi drithërat e tij.
9018714,Kursi yt ështV interesant?
9018716,Makina është e vjetër por në gjendje të mirë.
9018717,Ajo është me të vërtetë e bezdisshme.
9023058,Një ari nuk e prek një kufomë.
9023060,Kam nevojë për hapsirë.
9023063,Do të doja të isha në televizion një ditë.
9023064,Nuk do të jesh kurrë vetëm.
9023065,Pse duhet të jetë kështu?
9023067,"Është obsesive, apo jo?"
9023068,Nuk është e stilit tim.
9023069,Ai do të mund të shiste dhe nënën e tijë për të bërë para.
9023070,Është varka e Tomit.
9023071,Po provoj ti kërkoj për të.
9023072,Nuk i do macet.
9023073,Shpresoj që ty nuk do të humbësh trenin edhe këtë herë.
9023074,Shkojmë të punojmë në Kili.
9023076,I keni dhënë ndonjë herë makinës?
9023077,Keni vozitur ndonjë herë ndonjë makinë?
9023078,Nuk kam asgjë për t'ju dhënë.
9023080,Jeni ende beqar?
9023081,"Cila ju pëlqen më shumë, pula apo peshku?"
9023082,Ishit të martuara atë kohë?
9023083,Nuk doja të kërkoja ndjesë.
9023084,Do të fisje me të?
9023085,Qeshën kur më panë.
9023086,Këtë herë do qetësohemi ne.
9023087,Qetësohuni! Mos u nervozoni!
9023088,Si jeni sot?
9023090,Do të duhet ta vini në pah atë fakt
9023091,Tomi u kthye aty.
9023092,Pës studim shkojnë në Suedi.
9023093,Maria po vishej.
9023094,Njerëzit do të qeshin me ty nëse bën një budallëk të tillë.
9023095,Kush ishte njeriu që u vra te ai livadhi?
9023097,Mendoj se Tomi është një tranjer i mirë.
9023098,Është një idiot.
9023099,Preveroj të punësoj vetëm njerëz që përkthejnë në gjuhën e tyre amtare.
9023101,Ajo që thatë nuk ka kuptim.
9023102,Nuk shkoj të ndërtoj fabrika në Gjermani.
9023103,Keni nevojë për një pushim.
9023104,As ajo nuk bën shaka!
9023108,Ndërkohë do të duhej të fillonte të fitonte seriozisht pagesë e tij si bashkiak.
9023110,Pse nuk mund të jetë thjeshtë normal?
9023113,Doktorri më këshilloi të fle të paktën tetë orë në ditë.
9023116,"""Të cilës kombësie ishin pacientet e tua?"" ""Ruse."""
9023119,Para se të shkonim në Francë menduam të studionim frëngjishten.
9023123,"Ju lutem, përsëriteni."
9023124,"Pranoj, por vetëm me një kusht."
9023125,Tomi po blen.
9023129,Ishte pak evaziv?
9023132,"Në Brazil, votimi është i detyrueshëm."
9023135,Është mashtrim.
9023138,Ende banoj me prindërit e mi.
9023139,Banoj ende me prindërit e mi.
9023143,Ç'farë bëre javën e kaluar?
9023149,Na lër.
9023150,Lërna.
9023152,Udhëtimi u anulluar për arsye të një stuhie të tmerrshme.
9023153,Pse nuk më keni folur?
9023156,Ju do të jeni xheloze.
9023157,Kjo gjë është shumë e mirë.
9023158,"Dëshiroj një dhomë teke me dush, ju lutem."
9023160,Është e vërtetë për çdo praktikë.
9023162,E dimë që nuk arrin deri tek ajo pikë.
9023164,Nuk tha kurrë që dëshironte ta bënte.
9023165,Tomi të pret te hyrja kryesore.
9023168,Ç'farë kanë realizuar Tomi dhe Mary?
9023170,Ç'kanë realizuar Tomi dhe Mary?
9023173,Po shkon të bësh njohje të reja në Francë.
9023175,"""Të cilës kombësie janë fqinjët e sajë"" ""Irlandeze"""
9023176,Kjo tokë është e imja.
9023177,Kam në pronësi këtë tokë.
9023178,Posedoj këtë terren.
9023179,Ushqimi është gati!
9023180,Është një qen i madh.
9023181,Tomi e mori punë mbi bazën e forcës së rekomandimit të saj.
9023183,Po mësoj frëngjishten vetë.
9023184,Ata i hodhën gazetat e vjetëra.
9023185,E mohoi.
9023187,Po shkojnë të kërkojnë diçka në Angli?
9023188,Një krokodil i kafshoi një këmbë.
9023190,Donin të ndryshonin Italinë.
9023192,Tomi nuk duhet të ishte martuar me Maryn.
9023196,Nuk shkon të ndërtojë mbarshtrorse në Bjellorusi.
9023198,Unë kam qenë në Hokkaido.
9023202,Tomi është dukshëm i inatosur.
9023205,Është e sëmurë nga e Mërkurra e kaluar.
9023207,Të shkoj të ndërtoj tempuj në Indi?
9023208,Kam ndërmend të vij.
9023209,Dhe unë shkova.
9023210,E di që paraja nuk është gjithçka.
9023212,Po bëj atë që më thanë të bëj.
9023215,Ajo bleu një gazetë.
9023217,Nuk shkon të ndërtosh shtëpi në Vietnam.
9023219,"Jeni me të vërtetë të durueshëm, apo jo?"
9023223,Prindërit e mijë janë tashmë pothuajse pleqë.
9023224,Ai u përgjigj në mënyrë të gabuar.
9023225,Unë nuk dua t'ju mashtroj.
9023226,Po pyesja veten nëse do të ishit bërë të gjalla sot.
9023227,Ata nuk besojnë te njëri-tjetri.
9023228,"Uau, jam një vonesaxhi i ulët."
9023229,"Uau, jam një vonestarë i poshtër."
9023230,"Kam qenë këtu trembëdhjetë ditë, me shumë ngjasa më shumë."
9023231,"Kam qenë këtu trembëdhjetë ditë, mundësisht edhe më shumë."
9023232,Do të jem këtu kur të kthehesh.
9023233,Mayukua i hëngri të gjitha biskotat.
9023235,E pe Tomin këtë mëngjes?
9023236,Do të thotë që i pëlqen.
9023237,Politikani nuk u shfaq në publik pas aksidentit.
9023239,Juve ju pëlqen Kawaguchi.
9023241,Sa të mira janë këto vajza!
9023245,Do të shikojmë nëse publiku do ta vlerësojë!
9023247,Pse shkove aty?
9023248,Tomi dii si të humbi garrën.
9023249,Pse nuk e dëgjon arsyen?
9023251,"""Të cilës kombësie ishin studentet tona?"" ""Peruviane."""
9023253,Më tha që kishte të ftohtë.
9023255,Nuk shkon të ndërtojë restorante në Letoni?
9023257,Tomi vjen sot.
9023258,Është ikëse.
9023259,Është e paqëndrueshme.
9023261,Qengji i pjekur është shumë i shijshëm.
9023262,Maria gjeti kapelen jote.
9023263,Ku pa?
9023264,Ajo që tha e bëri të inatosej.
9023266,Tom ku e vure librin?
9023267,E njoh zonën.
9023268,Jeta nuk ka më vlerë.
9023270,E zgjidhi misterin.
9023271,Do ta zbulojmë kush e bëri këtë.
9044789,Ju lutem vendosni maskën.
9076463,Ne duam fjali të plota.
9089926,Duhet të ikni
9089927,Duhet të shkoni
9089928,Ku e ke fshehur laptopin tim
9089929,Nuk mund të vë fotografitë
9089930,Pse nuk i kërkoni ta bëjë?
9089931,Tomi sigurisht e meriton të marrë çmimin
9089932,Unë hëngra
9089934,Ata janë Japonezë?
9089938,Ju ç'farë bëni mbasdite?
9089940,Kur ishit në Australi?
9089941,May është një lojtare e shkëlqyer e brixhit.
9089942,Nuk i kam dëgjuar fare
9089943,As nuk i kam dëgjuar fare
9089944,Për ç'farë?
9089945,Për ça?
9090855,Po shkon të ndërtosh shtëpi në Indi?
9090857,Ç'farë mund të bëjmë për ti ndaluar?
9090859,Mund të flisni gjermanishten.
9090862,"""Të ç'farë kombësie janë prindërit e tu?"" ""Argjentina"""
9090863,Për mua është ofensive.
9090865,Po shkon të ndërtosh rrugë në Vietnam?
9090866,Unë jam me ju tani.
9090867,Tomi më kërkoi nëse doja të kërceja.
9090868,Bëra një vrapim me të.
9090869,Tomi dhe Mary studiojnë frëngjisht ç'do mbrëmje për tridhjet minuta.
9090872,Nuk do të shkoni të ndërtoni mausole në Marok?
9090873,Ferri është bosh dhe gjithë djajtë janë këtu.
9090875,Unë në të vërtet jam një bastard.
9090876,Do të thuash që nuk dije asgjë?
9090879,Është një donzhuan.
9090881,Nuk shkojmë të ndërtojmë universitete në Lituani?
9090883,Të pëlqej?
9090885,"Ke ende uri, apo jo?"
9090886,Jashtë dritares është vjeshtë.
9090887,Kjo nuk më ka ndodhur kurrë më parë.
9090890,Nuk pres asgjë nga ju.
9090892,Më ndihmoi të bëj detyrat.
9090893,Mund ta kishe thënë.
9090894,Do të ishte e lumtur?
9090895,A mundesh të përtypesh pa zhurmë?
9090897,Kam nevoj për një palë këpucë të reja.
9090904,"""Të ç'farë kombësie janë miqtë e tyre?"" ""Kanadez."""
9090915,"""Të ç'farë kombësie janë dajat tuaj?"" ""Argjentina."""
9090923,"Të lutem, ndihmo lojbanin!"
9090926,Po shkoj të ndërtoj thertore në Portugali.
9090933,Kam vetë diçka tjetër për të bërë.
9090938,Nuk shkojnë të ndërtojnë tempuj në Danimarkë?
9090940,Ke kënduar ndonjëherë në publik?
9090944,Nuk quan thelbësore destinacionin.
9090948,Do një tjetër sandwich?
9090951,Pse do ti bësh keq Tomit?
9090956,Do ti kem parasysh fjalët tuaja të sjellshme.
9131736,"Mëshiro, o Zot!"
9523066,Erdoğan është presidenti i Turqisë.
9726970,Mirëupafshim!
9727056,Sa kushton dhoma?
9727195,A keni ethe?
9727311,A vuani nga pagjumësia?
9788070,Ai e shiti shpirtin e tij?
9989636,Miku im i pëlqen bajamet.
9997586,Unë të dua
9997588,E urrej Naruton
9997589,Unë jam ulur dhe po ëndërroj të shkoj në Nepal
9997590,Unë jam duke ëndërruar pse janë të gjithë të mirë.
9997593,ju jeni një grua e gjatë e bukur
9997595,Kur do të ha Portokall?
9997596,Pse jeni një njeri kaq i mrekullueshëm?
9997599,Më pëlqen të ha ushqim.
9997614,Ju mund ta kuptoni që Japonia është një superfuqi.
10002924,Unë e urrej Vegeta
10002926,Unë e dua Vegeta-n
10002928,Kur do të ha ushqim
10002932,Unë agjëroj në Ramazan.
10002933,Kur do të ha Kivi?
10002935,"Më pëlqen të lutem, të bëj dhikër dhe të shkoj në Haxh."
10002936,Shqiptarët janë myslimanë të devotshëm.
10002937,Shqiptarët e Maqedonisë e duan Shqipërinë.
10002938,Turqia është miku më i ngushtë i Shqipërisë.
10002941,Greqia është Armiku më i madh i Shqipërisë.
10002943,Greqia dhe Serbia duan ta shkatërrojnë Shqipërinë.
10002945,Shqiptarët e duan Mekën dhe Medinen.
10002946,Italia nuk është një mik i ngushtë i Shqipërisë.
10002948,Kosova është shqipëri.
10002949,Shqipëria do të bëhet më e madhe.
10002950,Shqiptarët duan Sheriatin si Ligjin zyrtar të Shqipërisë.
10002952,"Shqiptarët luten Faraz, Sunet dhe Nafil Namaz çdo ditë dhe gjithashtu Tahajjud, Duha dhe Ishraq Namaz."
10002954,Shqipëria është vendi mysliman më i përkushtuar në Tokë.
10002956,Shqiptarët e duan xhihadin për të marrë tokat serbe dhe greke.
10002957,Shqiptarët e duan xhihadin.
10002959,Shqiptarët janë Xhihaditë më të mirë midis muslimanëve.
10002960,Shqiptarët lahen çdo ditë.
10002961,Shqiptarët nuk bëjnë zina.
10002962,Shqiptarët agjërojnë në ditë të tjera përveç Ramazanit.
10002963,Shqiptarët lexojnë Kuran kur nuk janë duke punuar.
10002966,Shqiptarët i urrejnë shumë Zalimët.
10002970,Serbët dhe Grekët i urrejnë Shqiptarët.
10002973,"Shqiptarët janë paqësorë, ndryshe nga serbët."
10002977,Shqiptarët janë të zgjuar.
10002979,Shqiptarët e duan Islamin dhe ndjekin rregullat e tij në jetën e tyre të përditshme.
10003005,Shqiptarët janë besimtarë të flaktë të Islamit.
10003008,Shqiptarët nuk takohen ndërsa martohen me kë zgjedhin prindërit e tyre.
10003010,Shqiptarët nuk janë racistë.
10003012,Gratë shqiptare veshin Niqab kur dalin jashtë.
10003015,Gratë shqiptare veshin Niqab të lirshme.
10003018,"Gratë shqiptare nuk dalin nga shtëpia pa Burrin, Babanë, Vëllain ose Bijtë e tyre."
10003020,Gratë shqiptare nuk kanë të dashur.
10003022,Gratë shqiptare janë më të Bukurat në Evropë dhe e mbulojnë Bukurinë e tyre me Niqab.
10003025,Gratë shqiptare janë të dashura dhe të kujdesshme ndaj Burrit dhe Fëmijëve të tyre.
10003030,Gratë shqiptare nuk flasin me burra të tjerë pa nevojë.
10003032,Burrat shqiptarë lejojnë që vajzat e tyre të martohen me çdo mysliman që do të kujdeset mirë për vajzën e tij.
10003042,Shqiptarët hanë vetëm Mish Hallall.
10003054,Shqiptarët e duan Perandorinë Osmane.
10003058,Gratë shqiptare janë besnike ndaj burrit të tyre.
10003064,Gratë shqiptare do të martohen me çdo Mysliman Fetar pavarësisht nga raca e tyre.
10003074,Shqiptarët janë inteligjencë.
10003119,Unë jam një Hafiz.
10195584,Çka është thelbësore është e padukshme për syrin.
10471304,Pse nuk po ha?
10471305,Pse s'po ha?
10762251,Çfarë është palindromi?
10789246,Kështu është jeta.
10828669,Kush jeni ju?
10828677,Unë s'jam mësues.
10828679,Unë nuk jam mësues.
10828684,Ajo është turke.
10828689,Unë jetoj në Tiranë.
10828697,S'jam mësuesi yt.
10828704,Një mësues i ri erdhi në shkollën time.
10828712,S'do të shkoj në shkollë.
10828727,A e njeh Dua Lipën?
10828756,A e dëgjove këngën e re të Dua Lipës?
10828765,Ke një vëlla?
10828773,Do të paguaj unë.
10828782,Ata janë në makinë.
10828792,Mund të lexoj lehtësisht spanjisht.
10850444,Familja ime jeton në qytet.
10852495,Nuk di asgjë.
10852497,S'di asgjë.
11074106,Shkova në kishë.
11074110,"Në dimër, maja e malit është e mbuluar me borë."
11074111,Brad Pit është aktor.
11074112,Çfarë duhet të bëj deri në orën tetë?
11074113,Sekreti juaj është i sigurt me mua.
11074124,Mili ka sy të kaltërt.
11074129,A pranoni çeqe?
11075235,Shoqja jonë humbi nënën e saj.
11075236,Jam i interesuar për gjuhën angleze.
11237991,Nga ju mësuam dhunën.
11451137,Mund t'ju ndihmoj?
11760632,Shoh një pemë.
11778790,Kush e zbuloi ishullin?
11826947,Kopshti është i vogël.
11866423,Ai iu përgjigj pyetjes.
12119753,S'jam këngëtare.
12119754,Nuk jam këngëtare.
12353708,Dua të fle.
12353714,Kam një shtrat të madh.
12353717,Po ha mollët.
12690512,Autori i këtij libri s'ka qenë kurrë në Rusi.
12690513,Autori i këtij libri nuk ka qenë kurrë në Rusi.
12690514,Jam mësues.
12690520,Tom ka edhe një makinë të kuqe.
12690527,I pëlqen shumë futbolli.
12690532,Tom luan shah shumë mirë.
12690535,Çfarë keni në çantë?
12690537,Isha shumë i lumtur në këtë qytet.
12690538,Dua një mikroskop.
12887486,Porosita ushqim.
12887493,I njoh të gjithë në fshat.
12887500,Macja më vdiq.
12887501,Më vdiq macja.
12887506,Derrat s'mund të fluturojnë.
12887507,Derrat nuk mund të fluturojnë.
13086967,E përditësova softuerin në versionin më të ri.
13098960,Pastaj erdhën te mbreti dy prostituta dhe u paraqitën para tij.
13178833,Le të pjekim gështenjat
13205120,Ne nuk kemi Papë!
13206479,Kush e vrau papën?
13206480,Qiriu i jetës sime do të shuhet së shpejti.
13206481,Kurset online duken të dobishme.
13206482,Po ha supën time.
13206483,Tom shkon në të njëjtën shkollë si Mary.
13206484,U martova tetë vjet më parë.
13206489,Kam luajtur futboll që kur isha trembëdhjetë vjeç.
13206491,Kam një zemër.
13206492,A keni një libër?
13206494,A je miku im?
13206495,Shoku im i fëmijërisë u bë muzikant.
13206496,Shoqja ime e fëmijërisë u bë muzikante.
13206497,A ke shokë që luajnë kitarë?
13206498,A ke miq që luajnë kitarë?
13206499,S'mund t'a bëj.
13206500,Nuk mund t'a bëj.
13207716,Ajo di anglisht.
13249198,Nuk flas anglisht.
13356308,Pse jam këtu?
13516633,Ç'është kjo?
13735316,Racizmi është sëmundja më e rrezikshme e kohës sonë.
13735320,Jam në kishë.
13735321,Unë jam në kishë.
13735326,Kush do ta fitojë ndeshjen?
13735328,Si shqiptohet kjo fjalë?
13735338,I do makaronat.
13735341,Kriporja është bosh.
13735560,Gjuha është shpirti i letërsisë.
13735561,S'dua të eci vetëm.
13735562,Nuk dua të eci vetëm.
13735564,Dërgova një mesazh.
13735580,Po i tregoj atij si ta bëjë.
13735587,Vëllai im e dinte për planet e mia.
13735593,A mund të mësojmë kur flemë?
13735598,A je donzhuan?
13735612,Të gjithë miqtë e tu ishin donzhuane.
13759494,Është një libër i ri.
13762215,Kjo është fletorja ime.
